--liquibase formatted sql

--changeset ravi:30

insert  into `cd_name_prefix`(`id`,`created_by`,`created_date_time`,`updated_by`,`updated_date_time`,`deleted`,`name`) values (1,NULL,NULL,NULL,NULL,'N','Mr'),(2,NULL,NULL,NULL,NULL,'N','Mrs'),(3,NULL,NULL,NULL,NULL,'N','Miss'),(4,NULL,NULL,NULL,NULL,'N','Dr');

insert  into `cd_gender`(`id`,`created_by`,`created_date_time`,`updated_by`,`updated_date_time`,`deleted`,`name`) values (1,NULL,NULL,NULL,NULL,'N','Male'),(2,NULL,NULL,NULL,NULL,'N','Female');

insert  into `cd_employee_type`(`id`,`created_by`,`created_date_time`,`updated_by`,`updated_date_time`,`deleted`,`name`) values (1,NULL,NULL,NULL,NULL,'N','Permanent'),(2,NULL,NULL,NULL,NULL,'N','Temporary'),(3,NULL,NULL,NULL,NULL,'N','Part Time'),(4,NULL,NULL,NULL,NULL,'N','system');

insert  into `cd_security_question`(`id`,`created_by`,`created_date_time`,`updated_by`,`updated_date_time`,`deleted`,`name`) values (1,NULL,NULL,NULL,NULL,'N','what is  your first company name?'),(2,NULL,NULL,NULL,NULL,'N','what is your  pet name?'),(3,NULL,NULL,NULL,NULL,'N','which is your fav god?'),(4,NULL,NULL,NULL,NULL,'N','which is your fav sports');

INSERT INTO cd_print_template(id, deleted, name, is_jasper_print, jasper_file_name) VALUES (2, 'N', 'Standard', 0, NULL );
INSERT INTO cd_print_template(id, deleted, name, is_jasper_print, jasper_file_name) VALUES (3, 'N', 'Provision for two images', 0, NULL );
INSERT INTO cd_print_template(id, deleted, name, is_jasper_print, jasper_file_name) VALUES (4, 'N', 'Letter Head', 0, NULL );
INSERT INTO cd_print_template(id, deleted, name, is_jasper_print, jasper_file_name) VALUES (5, 'N', 'Customer Invoice', 1, 'Invoice' );
INSERT INTO cd_print_template(id, deleted, name, is_jasper_print, jasper_file_name) VALUES (6, 'N', 'Supplier PO', 1, 'PO' );
INSERT INTO cd_print_template(id, deleted, name, is_jasper_print, jasper_file_name) VALUES (7, 'N', 'Customer Receipts', 1, 'CustomerReciepts' );
INSERT INTO cd_print_template(id, deleted, name, is_jasper_print, jasper_file_name) VALUES (8, 'N', 'Supplier Payments', 1, 'SupplierPayments' );
INSERT INTO cd_print_template(id, deleted, name, is_jasper_print, jasper_file_name) VALUES (9, 'N', 'Purchase Invoice', 1, 'Invoice' );
INSERT INTO cd_print_template(id, deleted, name, is_jasper_print, jasper_file_name) VALUES (10, 'N', 'Incoming DC', 1, 'DC');
INSERT INTO cd_print_template(id, deleted, name, is_jasper_print, jasper_file_name) VALUES (11, 'N', 'Customer DC', 1, 'DC');
INSERT INTO cd_print_template(id, deleted, name, is_jasper_print, jasper_file_name) VALUES (12, 'N', 'GRN', 1, 'GRN');
INSERT INTO cd_print_template(id, deleted, name, is_jasper_print, jasper_file_name) VALUES (13, 'N', 'Credit Note', 1, 'Note');
INSERT INTO cd_print_template(id, deleted, name, is_jasper_print, jasper_file_name) VALUES (14, 'N', 'Debit Note', 1, 'Note');
INSERT INTO cd_print_template(id, deleted, name, is_jasper_print, jasper_file_name) VALUES (15, 'N', 'Customer PO', 1, 'PO');
INSERT INTO cd_print_template(id, deleted, name, is_jasper_print, jasper_file_name) VALUES (16, 'N', 'Customer Quotation', 1, 'Quotation' );
INSERT INTO cd_print_template(id, deleted, name, is_jasper_print, jasper_file_name) VALUES (17, 'N', 'Jobwork In DC', 1, 'JWINDC' );
INSERT INTO cd_print_template(id, deleted, name, is_jasper_print, jasper_file_name) VALUES (18, 'N', 'Jobwork Out DC', 1, 'JWOUTDC' );
INSERT INTO cd_print_template(id, deleted, name, is_jasper_print, jasper_file_name) VALUES (19, 'N', 'Jobwork Invoice', 1, 'Invoice' );
INSERT INTO cd_print_template(id, deleted, name, is_jasper_print, jasper_file_name) VALUES (20, 'N', 'Subcontracting Out DC', 1, 'JWOUTDC' );
INSERT INTO cd_print_template(id, deleted, name, is_jasper_print, jasper_file_name) VALUES (21, 'N', 'Subcontracting In DC', 1, 'SCINDC' );
INSERT INTO cd_print_template(id, deleted, name, is_jasper_print, jasper_file_name) VALUES (22, 'N', 'Subcontracting Invoice', 1, 'Invoice' );
INSERT INTO cd_print_template(id, deleted, name, is_jasper_print, jasper_file_name) VALUES (23, 'N', 'Proforma Invoice', 1, 'Invoice' );
INSERT INTO cd_print_template(id, deleted, name, is_jasper_print, jasper_file_name) VALUES (24, 'N', 'Jobwork PO', 1, 'PO' );
INSERT INTO cd_print_template(id, deleted, name, is_jasper_print, jasper_file_name) VALUES (25, 'N', 'Subcontracting PO', 1, 'PO' );
INSERT INTO cd_print_template(id, deleted, name, is_jasper_print, jasper_file_name) VALUES (26, 'N', 'Cash Voucher', 1, 'Voucher' );
INSERT INTO cd_print_template(id, deleted, name, is_jasper_print, jasper_file_name) VALUES (27, 'N', 'Cheque Voucher', 1, 'Voucher' );
INSERT INTO cd_print_template(id, deleted, NAME, is_jasper_print, jasper_file_name) VALUES (28, 'N', 'Customer Invoice', 1, 'InvoiceTaxGroup' );
INSERT INTO cd_print_template(id, deleted, NAME, is_jasper_print, jasper_file_name) VALUES (29, 'N', 'Jobwork Invoice', 1, 'InvoiceTaxGroup' );
INSERT INTO cd_print_template(id, deleted, NAME, is_jasper_print, jasper_file_name) VALUES (30, 'N', 'Proforma Invoice', 1, 'InvoiceTaxGroup' );
INSERT INTO cd_print_template(id, deleted, NAME, is_jasper_print, jasper_file_name) VALUES (31, 'N', 'Customer Invoice', 1, 'InvoiceTaxGroup2' );
INSERT INTO cd_print_template(id, deleted, NAME, is_jasper_print, jasper_file_name) VALUES (32, 'N', 'Jobwork Invoice', 1, 'InvoiceTaxGroup2' );
INSERT INTO cd_print_template(id, deleted, NAME, is_jasper_print, jasper_file_name) VALUES (33, 'N', 'Proforma Invoice', 1, 'InvoiceTaxGroup2' );
INSERT INTO cd_print_template(id, deleted, NAME, is_jasper_print, jasper_file_name) VALUES (35, 'N', 'Customer Invoice', 1, 'Export_Invoice' );
INSERT INTO cd_print_template(id, deleted, NAME, is_jasper_print, jasper_file_name) VALUES (36, 'N', 'Proforma Invoice', 1, 'Export_Invoice_Proforma' );





insert into cd_gst_registration_type(id, deleted, name) values(1, 'N', 'Normal');
insert into cd_gst_registration_type(id, deleted, name) values(2, 'N', 'Composition');
insert into cd_gst_registration_type(id, deleted, name) values(3, 'N', 'Unregistered');

insert into cd_supply_type(id, deleted, name) values(1, 'N', 'Goods');
insert into cd_supply_type(id, deleted, name) values(2, 'N', 'Service');

insert into ma_country(id, name, deleted) values(1,'India','N');

INSERT INTO ma_state(id, NAME, state_code, country_id, deleted) VALUES (1,'Jammu and Kashmir',1,1,'N');
INSERT INTO ma_state(id, NAME, state_code, country_id, deleted) VALUES (2,'Himachal Pradesh',2,1,'N');
INSERT INTO ma_state(id, NAME, state_code, country_id, deleted) VALUES (3,'Punjab',3,1,'N');
INSERT INTO ma_state(id, NAME, state_code, country_id, deleted) VALUES (4,'Chandigarh',4,1,'N');
INSERT INTO ma_state(id, NAME, state_code, country_id, deleted) VALUES (5,'Uttarakhand',5,1,'N');
INSERT INTO ma_state(id, NAME, state_code, country_id, deleted) VALUES (6,'Haryana',6,1,'N');
INSERT INTO ma_state(id, NAME, state_code, country_id, deleted) VALUES (7,'Delhi',7,1,'N');
INSERT INTO ma_state(id, NAME, state_code, country_id, deleted) VALUES (8,'Rajasthan',8,1,'N');
INSERT INTO ma_state(id, NAME, state_code, country_id, deleted) VALUES (9,'Uttar Pradesh',9,1,'N');
INSERT INTO ma_state(id, NAME, state_code, country_id, deleted) VALUES (10,'Bihar',10,1,'N');
INSERT INTO ma_state(id, NAME, state_code, country_id, deleted) VALUES (11,'Sikkim',11,1,'N');
INSERT INTO ma_state(id, NAME, state_code, country_id, deleted) VALUES (12,'Arunachal Pradesh',12,1,'N');
INSERT INTO ma_state(id, NAME, state_code, country_id, deleted) VALUES (13,'Nagaland',13,1,'N');
INSERT INTO ma_state(id, NAME, state_code, country_id, deleted) VALUES (14,'Manipur',14,1,'N');
INSERT INTO ma_state(id, NAME, state_code, country_id, deleted) VALUES (15,'Mizoram',15,1,'N');
INSERT INTO ma_state(id, NAME, state_code, country_id, deleted) VALUES (16,'Tripura',16,1,'N');
INSERT INTO ma_state(id, NAME, state_code, country_id, deleted) VALUES (17,'Meghalaya',17,1,'N');
INSERT INTO ma_state(id, NAME, state_code, country_id, deleted) VALUES (18,'Assam',18,1,'N');
INSERT INTO ma_state(id, NAME, state_code, country_id, deleted) VALUES (19,'West Bengal',19,1,'N');
INSERT INTO ma_state(id, NAME, state_code, country_id, deleted) VALUES (20,'Jharkhand',20,1,'N');
INSERT INTO ma_state(id, NAME, state_code, country_id, deleted) VALUES (21,'Orissa',21,1,'N');
INSERT INTO ma_state(id, NAME, state_code, country_id, deleted) VALUES (22,'Chhattisgarh',22,1,'N');
INSERT INTO ma_state(id, NAME, state_code, country_id, deleted) VALUES (23,'Madhya Pradesh',23,1,'N');
INSERT INTO ma_state(id, NAME, state_code, country_id, deleted) VALUES (24,'Gujarat',24,1,'N');
INSERT INTO ma_state(id, NAME, state_code, country_id, deleted) VALUES (25,'Daman and Diu',25,1,'N');
INSERT INTO ma_state(id, NAME, state_code, country_id, deleted) VALUES (26,'Dadra and Nagar Haveli',26,1,'N');
INSERT INTO ma_state(id, NAME, state_code, country_id, deleted) VALUES (27,'Maharashtra',27,1,'N');
INSERT INTO ma_state(id, NAME, state_code, country_id, deleted) VALUES (28,'Andhra Pradesh',28,1,'N');
INSERT INTO ma_state(id, NAME, state_code, country_id, deleted) VALUES (29,'Karnataka',29,1,'N');
INSERT INTO ma_state(id, NAME, state_code, country_id, deleted) VALUES (30,'Goa',30,1,'N');
INSERT INTO ma_state(id, NAME, state_code, country_id, deleted) VALUES (31,'Lakshadweep',31,1,'N');
INSERT INTO ma_state(id, NAME, state_code, country_id, deleted) VALUES (32,'Kerala',32,1,'N');
INSERT INTO ma_state(id, NAME, state_code, country_id, deleted) VALUES (33,'Tamil Nadu',33,1,'N');
INSERT INTO ma_state(id, NAME, state_code, country_id, deleted) VALUES (34,'Puducherry',34,1,'N');
INSERT INTO ma_state(id, NAME, state_code, country_id, deleted) VALUES (35,'Andaman and Nicobar Islands',35,1,'N');
INSERT INTO ma_state(id, NAME, state_code, country_id, deleted) VALUES (36,'TELANGANA',36,1,'N');
INSERT INTO ma_state(id, NAME, state_code, country_id, deleted) VALUES (37,'OTHER TERRITORY',97,1,'N');
INSERT INTO ma_state(id, NAME, state_code, country_id, deleted) VALUES (38,'OTHER COUNTRY',99,1,'N');

insert into ma_city(id,name,deleted,state_id) values(1,'Bangalore','N',29);


insert into ma_company(id, name, deleted,  city_id, state_id, country_id, gst_number, gst_reg_type_id ) values (1, 'Uthkrushta', 'N',1,29,1,'29ASDFG12345A1AA', 1);

insert  into `cd_role_type`(`id`,`created_by`,`created_date_time`,`updated_by`,`updated_date_time`,`deleted`,`name`) values (1,NULL,NULL,NULL,NULL,'N','ADMIN');
insert  into `cd_role_type`(`id`,`created_by`,`created_date_time`,`updated_by`,`updated_date_time`,`deleted`,`name`) values (2,NULL,NULL,NULL,NULL,'N','STAFF');
insert  into `cd_role_type`(`id`,`created_by`,`created_date_time`,`updated_by`,`updated_date_time`,`deleted`,`name`) values (3,NULL,NULL,NULL,NULL,'N','SYSTEM');

insert  into `ma_role`(`id`,`created_by`,`created_date_time`,`updated_by`,`updated_date_time`,`role`,`role_type_id`) values (1,NULL,NULL,NULL,NULL,'ADMIN',1);

insert  into `ma_role`(`id`,`created_by`,`created_date_time`,`updated_by`,`updated_date_time`,`role`,`role_type_id`) values (3,NULL,NULL,NULL,NULL,'SYSTEM_ROLE',3);


insert into ma_user(id, active, email, `name`, last_name, username, `password`, company_id, emp_type_id, deleted, is_login_required) VALUES (1000, 1, 'ravi@gmail.com', 'Ravi', 'H', 'ravi', '$2a$10$qZs2LgkRBo5NwLGiHOd.9u767i2dJdXVvXqqKA1vZ2GGCvyxW8KZe', 1, 1, 'N', 1);
insert into ma_user(id, active, email, `name`, last_name, username, `password`, company_id, emp_type_id, deleted, is_login_required) VALUES (9999, 1, 'system@system.com', 'SYSTEM', ' ', 'system', 'system@suktha', 1, 4, 'N', 1);

insert into ma_party_type(id, deleted, name) values(1, 'N', 'Customer');
insert into ma_party_type(id, deleted, name) values(2, 'N', 'Supplier');
insert into ma_party_type(id, deleted, name) values(3, 'N', 'Both');

insert into cd_tax_type(id, name, deleted) values(1, 'GST', 'N');
insert into ma_tax(id, name, rate, deleted, tax_type_id) values (1,'GST', 18.0, 'N', 1);
insert into ma_tax(id, name, rate, deleted, tax_type_id) values (2,'GST', 24.0, 'N', 1);
insert into ma_tax(id, name, rate, deleted, tax_type_id) values (0,'EXPORT', 0, 'N', 1);



insert into ma_financial_year(id, deleted, start_date, end_date, financial_year, is_active) values(1,'N','2020-04-01 00:00:00', '2021-03-31 00:00:00','2020-2021',1);

insert into cd_material_type(id, deleted, name) values(1, 'N', 'Raw Material');
insert into cd_material_type(id, deleted, name) values(2, 'N', 'Semi Finished');
insert into cd_material_type(id, deleted, name) values(3, 'N', 'Finished');
insert into cd_material_type(id, deleted, name) values(4, 'N', 'Jobwork');



insert into ma_uom(id, deleted, name) values(1,'N','kg');

insert  into `cd_account_class`(`id`,`created_by`,`created_date_time`,`updated_by`,`updated_date_time`,`description`,`name`) values (1,NULL,NULL,NULL,NULL,NULL,'Asset'),(2,NULL,NULL,NULL,NULL,NULL,'Revenue'),(3,NULL,NULL,NULL,NULL,NULL,'Expense'),(4,NULL,NULL,NULL,NULL,NULL,'Liability'),(5,NULL,NULL,NULL,NULL,NULL,'Equity');

insert  into `cd_transaction_type`(`id`,`created_by`,`created_date_time`,`updated_by`,`updated_date_time`,`descr`,`name`,`deleted`) values (1,NULL,NULL,NULL,NULL,NULL,'Customer Invoice','N');
insert  into `cd_transaction_type`(`id`,`created_by`,`created_date_time`,`updated_by`,`updated_date_time`,`descr`,`name`,`deleted`) values (2,NULL,NULL,NULL,NULL,NULL,'Supplier PO','N');
insert  into `cd_transaction_type`(`id`,`created_by`,`created_date_time`,`updated_by`,`updated_date_time`,`descr`,`name`,`deleted`) values (3,NULL,NULL,NULL,NULL,NULL,'Customer Receipts','N');
insert  into `cd_transaction_type`(`id`,`created_by`,`created_date_time`,`updated_by`,`updated_date_time`,`descr`,`name`,`deleted`) values (4,NULL,NULL,NULL,NULL,NULL,'Supplier Payments','N');
insert  into `cd_transaction_type`(`id`,`created_by`,`created_date_time`,`updated_by`,`updated_date_time`,`descr`,`name`,`deleted`) values (5,NULL,NULL,NULL,NULL,NULL,'Purchase Invoice','N');
insert  into `cd_transaction_type`(`id`,`created_by`,`created_date_time`,`updated_by`,`updated_date_time`,`descr`,`name`,`deleted`) values (6,NULL,NULL,NULL,NULL,NULL,'Incoming DC','N');
insert  into `cd_transaction_type`(`id`,`created_by`,`created_date_time`,`updated_by`,`updated_date_time`,`descr`,`name`,`deleted`) values (7,NULL,NULL,NULL,NULL,NULL,'Customer DC','N');
insert  into `cd_transaction_type`(`id`,`created_by`,`created_date_time`,`updated_by`,`updated_date_time`,`descr`,`name`,`deleted`) values (8,NULL,NULL,NULL,NULL,NULL,'GRN','N');
insert  into `cd_transaction_type`(`id`,`created_by`,`created_date_time`,`updated_by`,`updated_date_time`,`descr`,`name`,`deleted`) values (9,NULL,NULL,NULL,NULL,NULL,'Credit Note','N');
insert  into `cd_transaction_type`(`id`,`created_by`,`created_date_time`,`updated_by`,`updated_date_time`,`descr`,`name`,`deleted`) values (10,NULL,NULL,NULL,NULL,NULL,'Debit Note','N');
insert  into `cd_transaction_type`(`id`,`created_by`,`created_date_time`,`updated_by`,`updated_date_time`,`descr`,`name`,`deleted`) values (11,NULL,NULL,NULL,NULL,NULL,'Customer PO','N');
insert  into `cd_transaction_type`(`id`,`created_by`,`created_date_time`,`updated_by`,`updated_date_time`,`descr`,`name`,`deleted`) values (12,NULL,NULL,NULL,NULL,NULL,'Customer Quotation','N');
insert  into `cd_transaction_type`(`id`,`created_by`,`created_date_time`,`updated_by`,`updated_date_time`,`descr`,`name`,`deleted`) values (13,NULL,NULL,NULL,NULL,NULL,'Jobwork In DC','Y');
insert  into `cd_transaction_type`(`id`,`created_by`,`created_date_time`,`updated_by`,`updated_date_time`,`descr`,`name`,`deleted`) values (14,NULL,NULL,NULL,NULL,NULL,'Jobwork Out DC','Y');
insert  into `cd_transaction_type`(`id`,`created_by`,`created_date_time`,`updated_by`,`updated_date_time`,`descr`,`name`,`deleted`) values (15,NULL,NULL,NULL,NULL,NULL,'Jobwork Invoice','Y');
insert  into `cd_transaction_type`(`id`,`created_by`,`created_date_time`,`updated_by`,`updated_date_time`,`descr`,`name`,`deleted`) values (16,NULL,NULL,NULL,NULL,NULL,'Subcontracting Out DC','Y');
insert  into `cd_transaction_type`(`id`,`created_by`,`created_date_time`,`updated_by`,`updated_date_time`,`descr`,`name`,`deleted`) values (17,NULL,NULL,NULL,NULL,NULL,'Subcontracting In DC','Y');
insert  into `cd_transaction_type`(`id`,`created_by`,`created_date_time`,`updated_by`,`updated_date_time`,`descr`,`name`,`deleted`) values (18,NULL,NULL,NULL,NULL,NULL,'Subcontracting Invoice','Y');
insert  into `cd_transaction_type`(`id`,`created_by`,`created_date_time`,`updated_by`,`updated_date_time`,`descr`,`name`,`deleted`) values (19,NULL,NULL,NULL,NULL,NULL,'Proforma Invoice','N');
insert  into `cd_transaction_type`(`id`,`created_by`,`created_date_time`,`updated_by`,`updated_date_time`,`descr`,`name`,`deleted`) values (20,NULL,NULL,NULL,NULL,NULL,'Jobwork PO','Y');
insert  into `cd_transaction_type`(`id`,`created_by`,`created_date_time`,`updated_by`,`updated_date_time`,`descr`,`name`,`deleted`) values (21,NULL,NULL,NULL,NULL,NULL,'Subcontracting PO','Y');
insert  into `cd_transaction_type`(`id`,`created_by`,`created_date_time`,`updated_by`,`updated_date_time`,`descr`,`name`,`deleted`) values (22,NULL,NULL,NULL,NULL,NULL,'Cash Voucher','N');
insert  into `cd_transaction_type`(`id`,`created_by`,`created_date_time`,`updated_by`,`updated_date_time`,`descr`,`name`,`deleted`) values (23,NULL,NULL,NULL,NULL,NULL,'Cheque Voucher','N');
insert  into `cd_transaction_type`(`id`,`created_by`,`created_date_time`,`updated_by`,`updated_date_time`,`descr`,`name`,`deleted`) values (24,NULL,NULL,NULL,NULL,NULL,'Expense Tracker','Y');
insert  into `cd_transaction_type`(`id`,`created_by`,`created_date_time`,`updated_by`,`updated_date_time`,`descr`,`name`,`deleted`) values (25,NULL,NULL,NULL,NULL,NULL,'Petty Cash','N');
insert  into `cd_transaction_type`(`id`,`created_by`,`created_date_time`,`updated_by`,`updated_date_time`,`descr`,`name`,`deleted`) values (26,NULL,NULL,NULL,NULL,NULL,'Customer Code','N');
insert  into `cd_transaction_type`(`id`,`created_by`,`created_date_time`,`updated_by`,`updated_date_time`,`descr`,`name`,`deleted`) values (27,NULL,NULL,NULL,NULL,NULL,'Supplier Code','N');
insert  into `cd_transaction_type`(`id`,`created_by`,`created_date_time`,`updated_by`,`updated_date_time`,`descr`,`name`,`deleted`) values (28,NULL,NULL,NULL,NULL,NULL,'Jobwork Credit Note','N');
insert  into `cd_transaction_type`(`id`,`created_by`,`created_date_time`,`updated_by`,`updated_date_time`,`descr`,`name`,`deleted`) values (29,NULL,NULL,NULL,NULL,NULL,'Subcontract Debit Note','N');



insert  into `cd_status`(`id`,`created_by`,`created_date_time`,`updated_by`,`updated_date_time`,`deleted`,`name`,`transaction_type_id`) values (2,NULL,NULL,NULL,NULL,'N','New',1);
insert  into `cd_status`(`id`,`created_by`,`created_date_time`,`updated_by`,`updated_date_time`,`deleted`,`name`,`transaction_type_id`) values (3,NULL,NULL,NULL,NULL,'N','Open',1);
insert  into `cd_status`(`id`,`created_by`,`created_date_time`,`updated_by`,`updated_date_time`,`deleted`,`name`,`transaction_type_id`) values (4,NULL,NULL,NULL,NULL,'N','Cancelled',1);
insert  into `cd_status`(`id`,`created_by`,`created_date_time`,`updated_by`,`updated_date_time`,`deleted`,`name`,`transaction_type_id`) values (5,NULL,NULL,NULL,NULL,'N','Partially Paid',1);
insert  into `cd_status`(`id`,`created_by`,`created_date_time`,`updated_by`,`updated_date_time`,`deleted`,`name`,`transaction_type_id`) values (6,NULL,NULL,NULL,NULL,'N','Completed',1);
insert  into `cd_status`(`id`,`created_by`,`created_date_time`,`updated_by`,`updated_date_time`,`deleted`,`name`,`transaction_type_id`) values (7,NULL,NULL,NULL,NULL,'N','Deleted',1);
insert  into `cd_status`(`id`,`created_by`,`created_date_time`,`updated_by`,`updated_date_time`,`deleted`,`name`,`transaction_type_id`) values (8,NULL,NULL,NULL,NULL,'N','New',2);
insert  into `cd_status`(`id`,`created_by`,`created_date_time`,`updated_by`,`updated_date_time`,`deleted`,`name`,`transaction_type_id`) values (9,NULL,NULL,NULL,NULL,'N','Partially Invoiced',2);
insert  into `cd_status`(`id`,`created_by`,`created_date_time`,`updated_by`,`updated_date_time`,`deleted`,`name`,`transaction_type_id`) values (10,NULL,NULL,NULL,NULL,'N','Invoiced',2);
insert  into `cd_status`(`id`,`created_by`,`created_date_time`,`updated_by`,`updated_date_time`,`deleted`,`name`,`transaction_type_id`) values (11,NULL,NULL,NULL,NULL,'N','Partial DC',2);
insert  into `cd_status`(`id`,`created_by`,`created_date_time`,`updated_by`,`updated_date_time`,`deleted`,`name`,`transaction_type_id`) values (12,NULL,NULL,NULL,NULL,'N','DC Generated',2);
insert  into `cd_status`(`id`,`created_by`,`created_date_time`,`updated_by`,`updated_date_time`,`deleted`,`name`,`transaction_type_id`) values (13,NULL,NULL,NULL,NULL,'N','Deleted',2);
insert  into `cd_status`(`id`,`created_by`,`created_date_time`,`updated_by`,`updated_date_time`,`deleted`,`name`,`transaction_type_id`) values (14,NULL,NULL,NULL,NULL,'N','New',3);
insert  into `cd_status`(`id`,`created_by`,`created_date_time`,`updated_by`,`updated_date_time`,`deleted`,`name`,`transaction_type_id`) values (15,NULL,NULL,NULL,NULL,'N','Open',3);
insert  into `cd_status`(`id`,`created_by`,`created_date_time`,`updated_by`,`updated_date_time`,`deleted`,`name`,`transaction_type_id`) values (16,NULL,NULL,NULL,NULL,'N','Cancelled',3);
insert  into `cd_status`(`id`,`created_by`,`created_date_time`,`updated_by`,`updated_date_time`,`deleted`,`name`,`transaction_type_id`) values (17,NULL,NULL,NULL,NULL,'N','Partial',3);
insert  into `cd_status`(`id`,`created_by`,`created_date_time`,`updated_by`,`updated_date_time`,`deleted`,`name`,`transaction_type_id`) values (18,NULL,NULL,NULL,NULL,'N','Completed',3);
insert  into `cd_status`(`id`,`created_by`,`created_date_time`,`updated_by`,`updated_date_time`,`deleted`,`name`,`transaction_type_id`) values (19,NULL,NULL,NULL,NULL,'N','Deleted',3);
insert  into `cd_status`(`id`,`created_by`,`created_date_time`,`updated_by`,`updated_date_time`,`deleted`,`name`,`transaction_type_id`) values (20,NULL,NULL,NULL,NULL,'N','New',4);
insert  into `cd_status`(`id`,`created_by`,`created_date_time`,`updated_by`,`updated_date_time`,`deleted`,`name`,`transaction_type_id`) values (21,NULL,NULL,NULL,NULL,'N','Open',4);
insert  into `cd_status`(`id`,`created_by`,`created_date_time`,`updated_by`,`updated_date_time`,`deleted`,`name`,`transaction_type_id`) values (22,NULL,NULL,NULL,NULL,'N','Cancelled',4);
insert  into `cd_status`(`id`,`created_by`,`created_date_time`,`updated_by`,`updated_date_time`,`deleted`,`name`,`transaction_type_id`) values (23,NULL,NULL,NULL,NULL,'N','Partial',4);
insert  into `cd_status`(`id`,`created_by`,`created_date_time`,`updated_by`,`updated_date_time`,`deleted`,`name`,`transaction_type_id`) values (24,NULL,NULL,NULL,NULL,'N','Completed',4);
insert  into `cd_status`(`id`,`created_by`,`created_date_time`,`updated_by`,`updated_date_time`,`deleted`,`name`,`transaction_type_id`) values (25,NULL,NULL,NULL,NULL,'N','Deleted',4);
insert  into `cd_status`(`id`,`created_by`,`created_date_time`,`updated_by`,`updated_date_time`,`deleted`,`name`,`transaction_type_id`) values (26,NULL,NULL,NULL,NULL,'N','New',5);
insert  into `cd_status`(`id`,`created_by`,`created_date_time`,`updated_by`,`updated_date_time`,`deleted`,`name`,`transaction_type_id`) values (27,NULL,NULL,NULL,NULL,'N','Open',5);
insert  into `cd_status`(`id`,`created_by`,`created_date_time`,`updated_by`,`updated_date_time`,`deleted`,`name`,`transaction_type_id`) values (28,NULL,NULL,NULL,NULL,'N','Cancelled',5);
insert  into `cd_status`(`id`,`created_by`,`created_date_time`,`updated_by`,`updated_date_time`,`deleted`,`name`,`transaction_type_id`) values (29,NULL,NULL,NULL,NULL,'N','Partially Paid',5);
insert  into `cd_status`(`id`,`created_by`,`created_date_time`,`updated_by`,`updated_date_time`,`deleted`,`name`,`transaction_type_id`) values (30,NULL,NULL,NULL,NULL,'N','Completed',5);
insert  into `cd_status`(`id`,`created_by`,`created_date_time`,`updated_by`,`updated_date_time`,`deleted`,`name`,`transaction_type_id`) values (31,NULL,NULL,NULL,NULL,'N','Deleted',5);
insert  into `cd_status`(`id`,`created_by`,`created_date_time`,`updated_by`,`updated_date_time`,`deleted`,`name`,`transaction_type_id`) values (32,NULL,NULL,NULL,NULL,'N','New',6);
insert  into `cd_status`(`id`,`created_by`,`created_date_time`,`updated_by`,`updated_date_time`,`deleted`,`name`,`transaction_type_id`) values (33,NULL,NULL,NULL,NULL,'N','Partial GRN',6);
insert  into `cd_status`(`id`,`created_by`,`created_date_time`,`updated_by`,`updated_date_time`,`deleted`,`name`,`transaction_type_id`) values (34,NULL,NULL,NULL,NULL,'N','GRN Generated',6);
insert  into `cd_status`(`id`,`created_by`,`created_date_time`,`updated_by`,`updated_date_time`,`deleted`,`name`,`transaction_type_id`) values (35,NULL,NULL,NULL,NULL,'N','Partially Invoiced',6);
insert  into `cd_status`(`id`,`created_by`,`created_date_time`,`updated_by`,`updated_date_time`,`deleted`,`name`,`transaction_type_id`) values (36,NULL,NULL,NULL,NULL,'N','Invoiced',6);
insert  into `cd_status`(`id`,`created_by`,`created_date_time`,`updated_by`,`updated_date_time`,`deleted`,`name`,`transaction_type_id`) values (37,NULL,NULL,NULL,NULL,'N','Deleted',6);
insert  into `cd_status`(`id`,`created_by`,`created_date_time`,`updated_by`,`updated_date_time`,`deleted`,`name`,`transaction_type_id`) values (38,NULL,NULL,NULL,NULL,'N','New',7);
insert  into `cd_status`(`id`,`created_by`,`created_date_time`,`updated_by`,`updated_date_time`,`deleted`,`name`,`transaction_type_id`) values (39,NULL,NULL,NULL,NULL,'N','Open',7);
insert  into `cd_status`(`id`,`created_by`,`created_date_time`,`updated_by`,`updated_date_time`,`deleted`,`name`,`transaction_type_id`) values (40,NULL,NULL,NULL,NULL,'N','Cancelled',7);
insert  into `cd_status`(`id`,`created_by`,`created_date_time`,`updated_by`,`updated_date_time`,`deleted`,`name`,`transaction_type_id`) values (41,NULL,NULL,NULL,NULL,'N','Partially Invoiced',7);
insert  into `cd_status`(`id`,`created_by`,`created_date_time`,`updated_by`,`updated_date_time`,`deleted`,`name`,`transaction_type_id`) values (42,NULL,NULL,NULL,NULL,'N','Invoiced',7);
insert  into `cd_status`(`id`,`created_by`,`created_date_time`,`updated_by`,`updated_date_time`,`deleted`,`name`,`transaction_type_id`) values (43,NULL,NULL,NULL,NULL,'N','Deleted',7);
insert  into `cd_status`(`id`,`created_by`,`created_date_time`,`updated_by`,`updated_date_time`,`deleted`,`name`,`transaction_type_id`) values (44,NULL,NULL,NULL,NULL,'N','New',8);
insert  into `cd_status`(`id`,`created_by`,`created_date_time`,`updated_by`,`updated_date_time`,`deleted`,`name`,`transaction_type_id`) values (45,NULL,NULL,NULL,NULL,'N','Open',8);
insert  into `cd_status`(`id`,`created_by`,`created_date_time`,`updated_by`,`updated_date_time`,`deleted`,`name`,`transaction_type_id`) values (46,NULL,NULL,NULL,NULL,'N','Cancelled',8);
insert  into `cd_status`(`id`,`created_by`,`created_date_time`,`updated_by`,`updated_date_time`,`deleted`,`name`,`transaction_type_id`) values (47,NULL,NULL,NULL,NULL,'N','Partially Invoiced',8);
insert  into `cd_status`(`id`,`created_by`,`created_date_time`,`updated_by`,`updated_date_time`,`deleted`,`name`,`transaction_type_id`) values (48,NULL,NULL,NULL,NULL,'N','Completed',8);
insert  into `cd_status`(`id`,`created_by`,`created_date_time`,`updated_by`,`updated_date_time`,`deleted`,`name`,`transaction_type_id`) values (49,NULL,NULL,NULL,NULL,'N','Deleted',8);
insert  into `cd_status`(`id`,`created_by`,`created_date_time`,`updated_by`,`updated_date_time`,`deleted`,`name`,`transaction_type_id`) values (50,NULL,NULL,NULL,NULL,'N','New',9);
insert  into `cd_status`(`id`,`created_by`,`created_date_time`,`updated_by`,`updated_date_time`,`deleted`,`name`,`transaction_type_id`) values (51,NULL,NULL,NULL,NULL,'N','Open',9);
insert  into `cd_status`(`id`,`created_by`,`created_date_time`,`updated_by`,`updated_date_time`,`deleted`,`name`,`transaction_type_id`) values (52,NULL,NULL,NULL,NULL,'N','Cancelled',9);
insert  into `cd_status`(`id`,`created_by`,`created_date_time`,`updated_by`,`updated_date_time`,`deleted`,`name`,`transaction_type_id`) values (53,NULL,NULL,NULL,NULL,'N','Partial',9);
insert  into `cd_status`(`id`,`created_by`,`created_date_time`,`updated_by`,`updated_date_time`,`deleted`,`name`,`transaction_type_id`) values (54,NULL,NULL,NULL,NULL,'N','Completed',9);
insert  into `cd_status`(`id`,`created_by`,`created_date_time`,`updated_by`,`updated_date_time`,`deleted`,`name`,`transaction_type_id`) values (55,NULL,NULL,NULL,NULL,'N','Deleted',9);
insert  into `cd_status`(`id`,`created_by`,`created_date_time`,`updated_by`,`updated_date_time`,`deleted`,`name`,`transaction_type_id`) values (56,NULL,NULL,NULL,NULL,'N','New',10);
insert  into `cd_status`(`id`,`created_by`,`created_date_time`,`updated_by`,`updated_date_time`,`deleted`,`name`,`transaction_type_id`) values (57,NULL,NULL,NULL,NULL,'N','Open',10);
insert  into `cd_status`(`id`,`created_by`,`created_date_time`,`updated_by`,`updated_date_time`,`deleted`,`name`,`transaction_type_id`) values (58,NULL,NULL,NULL,NULL,'N','Cancelled',10);
insert  into `cd_status`(`id`,`created_by`,`created_date_time`,`updated_by`,`updated_date_time`,`deleted`,`name`,`transaction_type_id`) values (59,NULL,NULL,NULL,NULL,'N','Partial',10);
insert  into `cd_status`(`id`,`created_by`,`created_date_time`,`updated_by`,`updated_date_time`,`deleted`,`name`,`transaction_type_id`) values (60,NULL,NULL,NULL,NULL,'N','Completed',10);
insert  into `cd_status`(`id`,`created_by`,`created_date_time`,`updated_by`,`updated_date_time`,`deleted`,`name`,`transaction_type_id`) values (61,NULL,NULL,NULL,NULL,'N','Deleted',10);
insert  into `cd_status`(`id`,`created_by`,`created_date_time`,`updated_by`,`updated_date_time`,`deleted`,`name`,`transaction_type_id`) values (62,NULL,NULL,NULL,NULL,'N','New',11);
insert  into `cd_status`(`id`,`created_by`,`created_date_time`,`updated_by`,`updated_date_time`,`deleted`,`name`,`transaction_type_id`) values (63,NULL,NULL,NULL,NULL,'N','Partial DC',11);
insert  into `cd_status`(`id`,`created_by`,`created_date_time`,`updated_by`,`updated_date_time`,`deleted`,`name`,`transaction_type_id`) values (64,NULL,NULL,NULL,NULL,'N','DC Generated',11);
insert  into `cd_status`(`id`,`created_by`,`created_date_time`,`updated_by`,`updated_date_time`,`deleted`,`name`,`transaction_type_id`) values (65,NULL,NULL,NULL,NULL,'N','Partially Invoiced',11);
insert  into `cd_status`(`id`,`created_by`,`created_date_time`,`updated_by`,`updated_date_time`,`deleted`,`name`,`transaction_type_id`) values (66,NULL,NULL,NULL,NULL,'N','Invoiced',11);
insert  into `cd_status`(`id`,`created_by`,`created_date_time`,`updated_by`,`updated_date_time`,`deleted`,`name`,`transaction_type_id`) values (67,NULL,NULL,NULL,NULL,'N','Deleted',11);
insert  into `cd_status`(`id`,`created_by`,`created_date_time`,`updated_by`,`updated_date_time`,`deleted`,`name`,`transaction_type_id`) values (68,NULL,NULL,NULL,NULL,'N','New',12);
insert  into `cd_status`(`id`,`created_by`,`created_date_time`,`updated_by`,`updated_date_time`,`deleted`,`name`,`transaction_type_id`) values (69,NULL,NULL,NULL,NULL,'N','Open',12);
insert  into `cd_status`(`id`,`created_by`,`created_date_time`,`updated_by`,`updated_date_time`,`deleted`,`name`,`transaction_type_id`) values (70,NULL,NULL,NULL,NULL,'N','Cancelled',12);
insert  into `cd_status`(`id`,`created_by`,`created_date_time`,`updated_by`,`updated_date_time`,`deleted`,`name`,`transaction_type_id`) values (71,NULL,NULL,NULL,NULL,'N','Partial',12);
insert  into `cd_status`(`id`,`created_by`,`created_date_time`,`updated_by`,`updated_date_time`,`deleted`,`name`,`transaction_type_id`) values (72,NULL,NULL,NULL,NULL,'N','Completed',12);
insert  into `cd_status`(`id`,`created_by`,`created_date_time`,`updated_by`,`updated_date_time`,`deleted`,`name`,`transaction_type_id`) values (73,NULL,NULL,NULL,NULL,'N','Deleted',12);
insert  into `cd_status`(`id`,`created_by`,`created_date_time`,`updated_by`,`updated_date_time`,`deleted`,`name`,`transaction_type_id`) values (74,NULL,NULL,NULL,NULL,'N','New',19);
insert  into `cd_status`(`id`,`created_by`,`created_date_time`,`updated_by`,`updated_date_time`,`deleted`,`name`,`transaction_type_id`) values (75,NULL,NULL,NULL,NULL,'N','Invoiced',19);
insert  into `cd_status`(`id`,`created_by`,`created_date_time`,`updated_by`,`updated_date_time`,`deleted`,`name`,`transaction_type_id`) values (76,NULL,NULL,NULL,NULL,'N','Draft',3);
insert  into `cd_status`(`id`,`created_by`,`created_date_time`,`updated_by`,`updated_date_time`,`deleted`,`name`,`transaction_type_id`) values (77,NULL,NULL,NULL,NULL,'N','Draft',4);
insert  into `cd_status`(`id`,`created_by`,`created_date_time`,`updated_by`,`updated_date_time`,`deleted`,`name`,`transaction_type_id`) values (78,NULL,NULL,NULL,NULL,'N','Note Partially Created',1);
insert  into `cd_status`(`id`,`created_by`,`created_date_time`,`updated_by`,`updated_date_time`,`deleted`,`name`,`transaction_type_id`) values (79,NULL,NULL,NULL,NULL,'N','Note Partially Created',5);
insert  into `cd_status`(`id`,`created_by`,`created_date_time`,`updated_by`,`updated_date_time`,`deleted`,`name`,`transaction_type_id`) values (80,NULL,NULL,NULL,NULL,'N','Note Created',1);
insert  into `cd_status`(`id`,`created_by`,`created_date_time`,`updated_by`,`updated_date_time`,`deleted`,`name`,`transaction_type_id`) values (81,NULL,NULL,NULL,NULL,'N','Note Created',5);
insert  into `cd_status`(`id`,`created_by`,`created_date_time`,`updated_by`,`updated_date_time`,`deleted`,`name`,`transaction_type_id`) values (82,NULL,NULL,NULL,NULL,'Y','New',20);
insert  into `cd_status`(`id`,`created_by`,`created_date_time`,`updated_by`,`updated_date_time`,`deleted`,`name`,`transaction_type_id`) values (83,NULL,NULL,NULL,NULL,'Y','I/C JW DC Created',20);
insert  into `cd_status`(`id`,`created_by`,`created_date_time`,`updated_by`,`updated_date_time`,`deleted`,`name`,`transaction_type_id`) values (84,NULL,NULL,NULL,NULL,'Y','I/C JW DC Partial',20);
insert  into `cd_status`(`id`,`created_by`,`created_date_time`,`updated_by`,`updated_date_time`,`deleted`,`name`,`transaction_type_id`) values (85,NULL,NULL,NULL,NULL,'Y','New',13);
insert  into `cd_status`(`id`,`created_by`,`created_date_time`,`updated_by`,`updated_date_time`,`deleted`,`name`,`transaction_type_id`) values (86,NULL,NULL,NULL,NULL,'Y','New',15);
insert  into `cd_status`(`id`,`created_by`,`created_date_time`,`updated_by`,`updated_date_time`,`deleted`,`name`,`transaction_type_id`) values (87,NULL,NULL,NULL,NULL,'Y','Cancelled',15);
insert  into `cd_status`(`id`,`created_by`,`created_date_time`,`updated_by`,`updated_date_time`,`deleted`,`name`,`transaction_type_id`) values (88,NULL,NULL,NULL,NULL,'Y','Partially Paid',15);
insert  into `cd_status`(`id`,`created_by`,`created_date_time`,`updated_by`,`updated_date_time`,`deleted`,`name`,`transaction_type_id`) values (89,NULL,NULL,NULL,NULL,'Y','Completed',15);
insert  into `cd_status`(`id`,`created_by`,`created_date_time`,`updated_by`,`updated_date_time`,`deleted`,`name`,`transaction_type_id`) values (90,NULL,NULL,NULL,NULL,'Y','OUT DC Generated',13);
insert  into `cd_status`(`id`,`created_by`,`created_date_time`,`updated_by`,`updated_date_time`,`deleted`,`name`,`transaction_type_id`) values (91,NULL,NULL,NULL,NULL,'Y','OUT DC Partially Generated',13);
insert  into `cd_status`(`id`,`created_by`,`created_date_time`,`updated_by`,`updated_date_time`,`deleted`,`name`,`transaction_type_id`) values (92,NULL,NULL,NULL,NULL,'Y','Deleted',13);
insert  into `cd_status`(`id`,`created_by`,`created_date_time`,`updated_by`,`updated_date_time`,`deleted`,`name`,`transaction_type_id`) values (93,NULL,NULL,NULL,NULL,'Y','New',14);
insert  into `cd_status`(`id`,`created_by`,`created_date_time`,`updated_by`,`updated_date_time`,`deleted`,`name`,`transaction_type_id`) values (94,NULL,NULL,NULL,NULL,'Y','Partially Invoiced',14);
insert  into `cd_status`(`id`,`created_by`,`created_date_time`,`updated_by`,`updated_date_time`,`deleted`,`name`,`transaction_type_id`) values (95,NULL,NULL,NULL,NULL,'Y','Invoiced',14);
insert  into `cd_status`(`id`,`created_by`,`created_date_time`,`updated_by`,`updated_date_time`,`deleted`,`name`,`transaction_type_id`) values (96,NULL,NULL,NULL,NULL,'Y','New',21);
insert  into `cd_status`(`id`,`created_by`,`created_date_time`,`updated_by`,`updated_date_time`,`deleted`,`name`,`transaction_type_id`) values (97,NULL,NULL,NULL,NULL,'Y','O/G JW DC Created',21);
insert  into `cd_status`(`id`,`created_by`,`created_date_time`,`updated_by`,`updated_date_time`,`deleted`,`name`,`transaction_type_id`) values (98,NULL,NULL,NULL,NULL,'Y','O/G JW DC Partial',21);
insert  into `cd_status`(`id`,`created_by`,`created_date_time`,`updated_by`,`updated_date_time`,`deleted`,`name`,`transaction_type_id`) values (99,NULL,NULL,NULL,NULL,'Y','Partially Invoiced',20);
insert  into `cd_status`(`id`,`created_by`,`created_date_time`,`updated_by`,`updated_date_time`,`deleted`,`name`,`transaction_type_id`) values (100,NULL,NULL,NULL,NULL,'Y','Invoiced',20);
insert  into `cd_status`(`id`,`created_by`,`created_date_time`,`updated_by`,`updated_date_time`,`deleted`,`name`,`transaction_type_id`) values (101,NULL,NULL,NULL,NULL,'Y','Partially Invoiced',21);
insert  into `cd_status`(`id`,`created_by`,`created_date_time`,`updated_by`,`updated_date_time`,`deleted`,`name`,`transaction_type_id`) values (102,NULL,NULL,NULL,NULL,'Y','Invoiced',21);
insert  into `cd_status`(`id`,`created_by`,`created_date_time`,`updated_by`,`updated_date_time`,`deleted`,`name`,`transaction_type_id`) values (103,NULL,NULL,NULL,NULL,'Y','New',16);
insert  into `cd_status`(`id`,`created_by`,`created_date_time`,`updated_by`,`updated_date_time`,`deleted`,`name`,`transaction_type_id`) values (104,NULL,NULL,NULL,NULL,'Y','IN DC Generated',16);
insert  into `cd_status`(`id`,`created_by`,`created_date_time`,`updated_by`,`updated_date_time`,`deleted`,`name`,`transaction_type_id`) values (105,NULL,NULL,NULL,NULL,'Y','IN DC Partially Generated',16);
insert  into `cd_status`(`id`,`created_by`,`created_date_time`,`updated_by`,`updated_date_time`,`deleted`,`name`,`transaction_type_id`) values (106,NULL,NULL,NULL,NULL,'Y','Deleted',16);
insert  into `cd_status`(`id`,`created_by`,`created_date_time`,`updated_by`,`updated_date_time`,`deleted`,`name`,`transaction_type_id`) values (107,NULL,NULL,NULL,NULL,'Y','New',17);
insert  into `cd_status`(`id`,`created_by`,`created_date_time`,`updated_by`,`updated_date_time`,`deleted`,`name`,`transaction_type_id`) values (108,NULL,NULL,NULL,NULL,'Y','New',18);
insert  into `cd_status`(`id`,`created_by`,`created_date_time`,`updated_by`,`updated_date_time`,`deleted`,`name`,`transaction_type_id`) values (109,NULL,NULL,NULL,NULL,'Y','Invoiced',17);
insert  into `cd_status`(`id`,`created_by`,`created_date_time`,`updated_by`,`updated_date_time`,`deleted`,`name`,`transaction_type_id`) values (110,NULL,NULL,NULL,NULL,'Y','Partially Invoiced',17);

insert  into `cd_status`(`id`,`created_by`,`created_date_time`,`updated_by`,`updated_date_time`,`deleted`,`name`,`transaction_type_id`) values (111,NULL,NULL,NULL,NULL,'Y','Deleted',15);

insert  into `cd_status`(`id`,`created_by`,`created_date_time`,`updated_by`,`updated_date_time`,`deleted`,`name`,`transaction_type_id`) values (112,NULL,NULL,NULL,NULL,'Y','Cancelled',18);
insert  into `cd_status`(`id`,`created_by`,`created_date_time`,`updated_by`,`updated_date_time`,`deleted`,`name`,`transaction_type_id`) values (113,NULL,NULL,NULL,NULL,'Y','Partially Paid',18);
insert  into `cd_status`(`id`,`created_by`,`created_date_time`,`updated_by`,`updated_date_time`,`deleted`,`name`,`transaction_type_id`) values (114,NULL,NULL,NULL,NULL,'Y','Completed',18);
insert  into `cd_status`(`id`,`created_by`,`created_date_time`,`updated_by`,`updated_date_time`,`deleted`,`name`,`transaction_type_id`) values (115,NULL,NULL,NULL,NULL,'Y','Deleted',18);
insert  into `cd_status`(`id`,`created_by`,`created_date_time`,`updated_by`,`updated_date_time`,`deleted`,`name`,`transaction_type_id`) values (116,NULL,NULL,NULL,NULL,'Y','Deleted',17);
insert  into `cd_status`(`id`,`created_by`,`created_date_time`,`updated_by`,`updated_date_time`,`deleted`,`name`,`transaction_type_id`) values (117,NULL,NULL,NULL,NULL,'Y','Deleted',20);
insert  into `cd_status`(`id`,`created_by`,`created_date_time`,`updated_by`,`updated_date_time`,`deleted`,`name`,`transaction_type_id`) values (118,NULL,NULL,NULL,NULL,'Y','Deleted',14);
insert  into `cd_status`(`id`,`created_by`,`created_date_time`,`updated_by`,`updated_date_time`,`deleted`,`name`,`transaction_type_id`) values (119,NULL,NULL,NULL,NULL,'Y','Open',21);
insert  into `cd_status`(`id`,`created_by`,`created_date_time`,`updated_by`,`updated_date_time`,`deleted`,`name`,`transaction_type_id`) values (120,NULL,NULL,NULL,NULL,'Y','Open',20);
insert  into `cd_status`(`id`,`created_by`,`created_date_time`,`updated_by`,`updated_date_time`,`deleted`,`name`,`transaction_type_id`) values (121,NULL,NULL,NULL,NULL,'Y','Deleted',21);
insert  into `cd_status`(`id`,`created_by`,`created_date_time`,`updated_by`,`updated_date_time`,`deleted`,`name`,`transaction_type_id`) values (122,NULL,NULL,NULL,NULL,'N','Deleted',19);
insert  into `cd_status`(`id`,`created_by`,`created_date_time`,`updated_by`,`updated_date_time`,`deleted`,`name`,`transaction_type_id`) values (123,NULL,NULL,NULL,NULL,'N','New',25);
insert  into `cd_status`(`id`,`created_by`,`created_date_time`,`updated_by`,`updated_date_time`,`deleted`,`name`,`transaction_type_id`) values (124,NULL,NULL,NULL,NULL,'N','Completed',25);
insert  into `cd_status`(`id`,`created_by`,`created_date_time`,`updated_by`,`updated_date_time`,`deleted`,`name`,`transaction_type_id`) values (125,NULL,NULL,NULL,NULL,'N','Cancelled',14);

insert  into `cd_status`(`id`,`created_by`,`created_date_time`,`updated_by`,`updated_date_time`,`deleted`,`name`,`transaction_type_id`) values (126,NULL,NULL,NULL,NULL,'N','New',28);
insert  into `cd_status`(`id`,`created_by`,`created_date_time`,`updated_by`,`updated_date_time`,`deleted`,`name`,`transaction_type_id`) values (127,NULL,NULL,NULL,NULL,'N','Open',28);
insert  into `cd_status`(`id`,`created_by`,`created_date_time`,`updated_by`,`updated_date_time`,`deleted`,`name`,`transaction_type_id`) values (128,NULL,NULL,NULL,NULL,'N','Cancelled',28);
insert  into `cd_status`(`id`,`created_by`,`created_date_time`,`updated_by`,`updated_date_time`,`deleted`,`name`,`transaction_type_id`) values (129,NULL,NULL,NULL,NULL,'N','Partial',28);
insert  into `cd_status`(`id`,`created_by`,`created_date_time`,`updated_by`,`updated_date_time`,`deleted`,`name`,`transaction_type_id`) values (130,NULL,NULL,NULL,NULL,'N','Completed',28);
insert  into `cd_status`(`id`,`created_by`,`created_date_time`,`updated_by`,`updated_date_time`,`deleted`,`name`,`transaction_type_id`) values (131,NULL,NULL,NULL,NULL,'N','Deleted',28);

insert  into `cd_status`(`id`,`created_by`,`created_date_time`,`updated_by`,`updated_date_time`,`deleted`,`name`,`transaction_type_id`) values (132,NULL,NULL,NULL,NULL,'N','New',29);
insert  into `cd_status`(`id`,`created_by`,`created_date_time`,`updated_by`,`updated_date_time`,`deleted`,`name`,`transaction_type_id`) values (133,NULL,NULL,NULL,NULL,'N','Open',29);
insert  into `cd_status`(`id`,`created_by`,`created_date_time`,`updated_by`,`updated_date_time`,`deleted`,`name`,`transaction_type_id`) values (134,NULL,NULL,NULL,NULL,'N','Cancelled',29);
insert  into `cd_status`(`id`,`created_by`,`created_date_time`,`updated_by`,`updated_date_time`,`deleted`,`name`,`transaction_type_id`) values (135,NULL,NULL,NULL,NULL,'N','Partial',29);
insert  into `cd_status`(`id`,`created_by`,`created_date_time`,`updated_by`,`updated_date_time`,`deleted`,`name`,`transaction_type_id`) values (136,NULL,NULL,NULL,NULL,'N','Completed',29);
insert  into `cd_status`(`id`,`created_by`,`created_date_time`,`updated_by`,`updated_date_time`,`deleted`,`name`,`transaction_type_id`) values (137,NULL,NULL,NULL,NULL,'N','Deleted',29);

insert  into `cd_status`(`id`,`created_by`,`created_date_time`,`updated_by`,`updated_date_time`,`deleted`,`name`,`transaction_type_id`) values (138,NULL,NULL,NULL,NULL,'N','Note Created',15);
insert  into `cd_status`(`id`,`created_by`,`created_date_time`,`updated_by`,`updated_date_time`,`deleted`,`name`,`transaction_type_id`) values (139,NULL,NULL,NULL,NULL,'N','Note Partially Created',15);
insert  into `cd_status`(`id`,`created_by`,`created_date_time`,`updated_by`,`updated_date_time`,`deleted`,`name`,`transaction_type_id`) values (140,NULL,NULL,NULL,NULL,'N','Note Created',18);
insert  into `cd_status`(`id`,`created_by`,`created_date_time`,`updated_by`,`updated_date_time`,`deleted`,`name`,`transaction_type_id`) values (141,NULL,NULL,NULL,NULL,'N','Note Partially Created',18);
insert  into `cd_status`(`id`,`created_by`,`created_date_time`,`updated_by`,`updated_date_time`,`deleted`,`name`,`transaction_type_id`) values (142,NULL,NULL,NULL,NULL,'N','Open',11);









insert  into `cd_card_type`(`id`,`created_by`,`created_date_time`,`updated_by`,`updated_date_time`,`deleted`,`name`) values (1,NULL,NULL,NULL,NULL,'N','Visa');
insert  into `cd_card_type`(`id`,`created_by`,`created_date_time`,`updated_by`,`updated_date_time`,`deleted`,`name`) values (2,NULL,NULL,NULL,NULL,'N','Master Card');
insert  into `cd_card_type`(`id`,`created_by`,`created_date_time`,`updated_by`,`updated_date_time`,`deleted`,`name`) values (3,NULL,NULL,NULL,NULL,'N','American Express');

insert  into `cd_payment_method`(`id`,`created_by`,`created_date_time`,`updated_by`,`updated_date_time`,`is_card`,`name`) values (1,NULL,NULL,NULL,NULL,'Y','Bank Transfer');
insert  into `cd_payment_method`(`id`,`created_by`,`created_date_time`,`updated_by`,`updated_date_time`,`is_card`,`name`) values (2,NULL,NULL,NULL,NULL,'N','Cash');
insert  into `cd_payment_method`(`id`,`created_by`,`created_date_time`,`updated_by`,`updated_date_time`,`is_card`,`name`) values (3,NULL,NULL,NULL,NULL,'N','Cheque/DD');
insert  into `cd_payment_method`(`id`,`created_by`,`created_date_time`,`updated_by`,`updated_date_time`,`is_card`,`name`) values (4,NULL,NULL,NULL,NULL,'Y','Credit Card');
insert  into `cd_payment_method`(`id`,`created_by`,`created_date_time`,`updated_by`,`updated_date_time`,`is_card`,`name`) values (5,NULL,NULL,NULL,NULL,'Y','Debit Card');
insert  into `cd_payment_method`(`id`,`created_by`,`created_date_time`,`updated_by`,`updated_date_time`,`is_card`,`name`) values (6,NULL,NULL,NULL,NULL,'N','Money Order');
INSERT into cd_payment_method(`id`,`created_by`,`created_date_time`,`updated_by`,`updated_date_time`,`is_card`,`name`) values(7,NULL,NULL,NULL,NULL,'N','Debit/Credit');


insert  into `ma_account`(`id`,`created_by`,`created_date_time`,`updated_by`,`updated_date_time`,`acct_no`,`descr`,`name`,`acct_class_id`) values (1,NULL,NULL,NULL,NULL,'101',NULL,'Sales',2),(2,NULL,NULL,NULL,NULL,'102',NULL,'Purchase Inventory',1),(3,NULL,NULL,NULL,NULL,'103',NULL,'Cash',1),(4,NULL,NULL,NULL,NULL,'104',NULL,'Salary Expense',3),(5,NULL,NULL,NULL,NULL,'105',NULL,'Office Expense',3),(6,NULL,NULL,NULL,NULL,'106',NULL,'Customer',1),(7,NULL,NULL,NULL,NULL,'107',NULL,'Supplier',4);

insert  into `ma_acct_posting_rule`(`id`,`created_by`,`created_date_time`,`updated_by`,`updated_date_time`,`credit_acct_id`,`debit_acct_id`,`transaction_type_id`) values (1,NULL,NULL,NULL,NULL,6,1,1),(2,NULL,NULL,NULL,NULL,2,7,2),(3,NULL,NULL,NULL,NULL,3,6,3),(4,NULL,NULL,NULL,NULL,7,3,4);


insert  into `conf_number_range`(`id`,`created_by`,`created_date_time`,`updated_by`,`updated_date_time`,`auto_number`,`auto_number_reset`,`terms_and_condition_check`,`deleted`,`prefix`,`postfix`,`start_number`,`trans_type_id`,`delimiter`,`financial_year_check`,`print_template_id`,`print_template_top_height`,`print_header_text`) values (1,NULL,NULL,'testemail@gmail.com','2019-03-02 13:03:30',1,1,NULL,'N','CIN',NULL,1,1,'/',0,NULL,180,'TAX INVOICE');
insert  into `conf_number_range`(`id`,`created_by`,`created_date_time`,`updated_by`,`updated_date_time`,`auto_number`,`auto_number_reset`,`terms_and_condition_check`,`deleted`,`prefix`,`postfix`,`start_number`,`trans_type_id`,`delimiter`,`financial_year_check`,`print_template_id`,`print_template_top_height`,`print_header_text`) values (2,NULL,NULL,'testemail@gmail.com','2019-03-02 13:03:30',1,1,NULL,'N','SPO',NULL,NULL,2,NULL,0,NULL,180,'PURCHASE ORDER');
insert  into `conf_number_range`(`id`,`created_by`,`created_date_time`,`updated_by`,`updated_date_time`,`auto_number`,`auto_number_reset`,`terms_and_condition_check`,`deleted`,`prefix`,`postfix`,`start_number`,`trans_type_id`,`delimiter`,`financial_year_check`,`print_template_id`,`print_template_top_height`,`print_header_text`) values (3,'ravi','2018-07-27 16:07:31','testemail@gmail.com','2019-03-02 13:03:30',1,1,NULL,'N','PIN',NULL,NULL,5,NULL,0,NULL,180,'PURCHASE INVOICE');
insert  into `conf_number_range`(`id`,`created_by`,`created_date_time`,`updated_by`,`updated_date_time`,`auto_number`,`auto_number_reset`,`terms_and_condition_check`,`deleted`,`prefix`,`postfix`,`start_number`,`trans_type_id`,`delimiter`,`financial_year_check`,`print_template_id`,`print_template_top_height`,`print_header_text`) values (4,'ravi','2018-07-27 16:07:59','testemail@gmail.com','2019-03-02 13:03:30',1,1,NULL,'N','DN',NULL,NULL,10,NULL,0,NULL,180,'DEBIT NOTE');
insert  into `conf_number_range`(`id`,`created_by`,`created_date_time`,`updated_by`,`updated_date_time`,`auto_number`,`auto_number_reset`,`terms_and_condition_check`,`deleted`,`prefix`,`postfix`,`start_number`,`trans_type_id`,`delimiter`,`financial_year_check`,`print_template_id`,`print_template_top_height`,`print_header_text`) values (5,'ravi','2018-07-27 16:07:59','testemail@gmail.com','2019-03-02 13:03:30',1,1,NULL,'N','CN',NULL,NULL,9,NULL,0,NULL,180,'CREDIT NOTE');
insert  into `conf_number_range`(`id`,`created_by`,`created_date_time`,`updated_by`,`updated_date_time`,`auto_number`,`auto_number_reset`,`terms_and_condition_check`,`deleted`,`prefix`,`postfix`,`start_number`,`trans_type_id`,`delimiter`,`financial_year_check`,`print_template_id`,`print_template_top_height`,`print_header_text`) values (6,'ravi','2018-08-11 12:22:53','testemail@gmail.com','2019-03-02 13:03:30',1,1,NULL,'N','CUR',NULL,NULL,3,NULL,0,NULL,180,'Payment Reciept');
insert  into `conf_number_range`(`id`,`created_by`,`created_date_time`,`updated_by`,`updated_date_time`,`auto_number`,`auto_number_reset`,`terms_and_condition_check`,`deleted`,`prefix`,`postfix`,`start_number`,`trans_type_id`,`delimiter`,`financial_year_check`,`print_template_id`,`print_template_top_height`,`print_header_text`) values (7,'ravi','2018-08-17 20:33:31','testemail@gmail.com','2019-03-02 13:03:30',1,1,NULL,'N','CPO',NULL,NULL,11,NULL,0,NULL,180,'PURCHASE ORDER');
insert  into `conf_number_range`(`id`,`created_by`,`created_date_time`,`updated_by`,`updated_date_time`,`auto_number`,`auto_number_reset`,`terms_and_condition_check`,`deleted`,`prefix`,`postfix`,`start_number`,`trans_type_id`,`delimiter`,`financial_year_check`,`print_template_id`,`print_template_top_height`,`print_header_text`) values (8,'ravi','2018-08-17 20:36:56','testemail@gmail.com','2019-03-02 13:03:30',1,1,NULL,'N','CDC',NULL,NULL,7,NULL,0,NULL,180,'DELIVERY CHALLAN');
insert  into `conf_number_range`(`id`,`created_by`,`created_date_time`,`updated_by`,`updated_date_time`,`auto_number`,`auto_number_reset`,`terms_and_condition_check`,`deleted`,`prefix`,`postfix`,`start_number`,`trans_type_id`,`delimiter`,`financial_year_check`,`print_template_id`,`print_template_top_height`,`print_header_text`) values (9,'ravi','2018-08-18 11:47:45','testemail@gmail.com','2019-03-02 13:03:30',1,1,NULL,'N','QOT',NULL,NULL,12,'/',0,NULL,180,'QUOTATION');
insert  into `conf_number_range`(`id`,`created_by`,`created_date_time`,`updated_by`,`updated_date_time`,`auto_number`,`auto_number_reset`,`terms_and_condition_check`,`deleted`,`prefix`,`postfix`,`start_number`,`trans_type_id`,`delimiter`,`financial_year_check`,`print_template_id`,`print_template_top_height`,`print_header_text`) values (10,'ravi','2018-08-18 11:47:45','testemail@gmail.com','2019-03-02 13:03:30',1,1,NULL,'N','GRN',NULL,NULL,8,'/',0,NULL,180,'GRN');
insert  into `conf_number_range`(`id`,`created_by`,`created_date_time`,`updated_by`,`updated_date_time`,`auto_number`,`auto_number_reset`,`terms_and_condition_check`,`deleted`,`prefix`,`postfix`,`start_number`,`trans_type_id`,`delimiter`,`financial_year_check`,`print_template_id`,`print_template_top_height`,`print_header_text`) values (11,NULL,NULL,NULL,NULL,0,0,NULL,'N','SPM',NULL,NULL,4,NULL,0,NULL,180,'Payment Advice');
insert  into `conf_number_range`(`id`,`created_by`,`created_date_time`,`updated_by`,`updated_date_time`,`auto_number`,`auto_number_reset`,`terms_and_condition_check`,`deleted`,`prefix`,`postfix`,`start_number`,`trans_type_id`,`delimiter`,`financial_year_check`,`print_template_id`,`print_template_top_height`,`print_header_text`) values (12,NULL,NULL,NULL,NULL,0,0,NULL,'N','IDC',NULL,NULL,6,NULL,0,NULL,180,'DELIVERY CHALLAN');
insert  into `conf_number_range`(`id`,`created_by`,`created_date_time`,`updated_by`,`updated_date_time`,`auto_number`,`auto_number_reset`,`terms_and_condition_check`,`deleted`,`prefix`,`postfix`,`start_number`,`trans_type_id`,`delimiter`,`financial_year_check`,`print_template_id`,`print_template_top_height`,`print_header_text`) values (13,NULL,NULL,NULL,NULL,0,0,NULL,'N','PRIN',NULL,NULL,19,NULL,0,NULL,180,'Proforma Invoice');
insert  into `conf_number_range`(`id`,`created_by`,`created_date_time`,`updated_by`,`updated_date_time`,`auto_number`,`auto_number_reset`,`terms_and_condition_check`,`deleted`,`prefix`,`postfix`,`start_number`,`trans_type_id`,`delimiter`,`financial_year_check`,`print_template_id`,`print_template_top_height`,`print_header_text`) values (14,NULL,NULL,NULL,NULL,0,0,NULL,'N','CV',NULL,NULL,22,NULL,0,NULL,180,'CASH VOUCHER');
insert  into `conf_number_range`(`id`,`created_by`,`created_date_time`,`updated_by`,`updated_date_time`,`auto_number`,`auto_number_reset`,`terms_and_condition_check`,`deleted`,`prefix`,`postfix`,`start_number`,`trans_type_id`,`delimiter`,`financial_year_check`,`print_template_id`,`print_template_top_height`,`print_header_text`) values (15,NULL,NULL,NULL,NULL,0,0,NULL,'N','CHV',NULL,NULL,23,NULL,0,NULL,180,'CHEQUE VOUCHER');
insert  into `conf_number_range`(`id`,`created_by`,`created_date_time`,`updated_by`,`updated_date_time`,`auto_number`,`auto_number_reset`,`terms_and_condition_check`,`deleted`,`prefix`,`postfix`,`start_number`,`trans_type_id`,`delimiter`,`financial_year_check`,`print_template_id`,`print_template_top_height`,`print_header_text`) values (24,NULL,NULL,NULL,NULL,1,1,NULL,'N','PET',NULL,NULL,25,NULL,0,NULL,180,'PETTY CASH');
insert  into `conf_number_range`(`id`,`created_by`,`created_date_time`,`updated_by`,`updated_date_time`,`auto_number`,`auto_number_reset`,`terms_and_condition_check`,`deleted`,`prefix`,`postfix`,`start_number`,`trans_type_id`,`delimiter`,`financial_year_check`,`print_template_id`,`print_template_top_height`,`print_header_text`) values (34,NULL,NULL,NULL,NULL,1,0,NULL,'N','CUS',NULL,NULL,26,NULL,0,NULL,0,NULL);
insert  into `conf_number_range`(`id`,`created_by`,`created_date_time`,`updated_by`,`updated_date_time`,`auto_number`,`auto_number_reset`,`terms_and_condition_check`,`deleted`,`prefix`,`postfix`,`start_number`,`trans_type_id`,`delimiter`,`financial_year_check`,`print_template_id`,`print_template_top_height`,`print_header_text`) values (35,NULL,NULL,NULL,NULL,1,0,NULL,'N','SUP',NULL,NULL,27,NULL,0,NULL,0,NULL);



insert  into `conf_terms_condition`(`id`,`created_by`,`created_date_time`,`updated_by`,`updated_date_time`,`is_default`,`deleted`,`terms_and_condition`,`payment_terms`,`delivery_terms`,`name`,`fk_transaction_type_id`) values (1,NULL,NULL,NULL,NULL,1,'N',NULL,NULL,NULL,'customer invoice tnc',1);
insert  into `conf_terms_condition`(`id`,`created_by`,`created_date_time`,`updated_by`,`updated_date_time`,`is_default`,`deleted`,`terms_and_condition`,`payment_terms`,`delivery_terms`,`name`,`fk_transaction_type_id`) values (2,NULL,NULL,NULL,NULL,1,'N',NULL,NULL,NULL,'Supplier PO tnc',2);
insert  into `conf_terms_condition`(`id`,`created_by`,`created_date_time`,`updated_by`,`updated_date_time`,`is_default`,`deleted`,`terms_and_condition`,`payment_terms`,`delivery_terms`,`name`,`fk_transaction_type_id`) values (3,NULL,NULL,NULL,NULL,1,'N',NULL,NULL,NULL,'Customer Receipts tnc',3);
insert  into `conf_terms_condition`(`id`,`created_by`,`created_date_time`,`updated_by`,`updated_date_time`,`is_default`,`deleted`,`terms_and_condition`,`payment_terms`,`delivery_terms`,`name`,`fk_transaction_type_id`) values (4,NULL,NULL,NULL,NULL,1,'N',NULL,NULL,NULL,'Supplier Payments tnc',4);
insert  into `conf_terms_condition`(`id`,`created_by`,`created_date_time`,`updated_by`,`updated_date_time`,`is_default`,`deleted`,`terms_and_condition`,`payment_terms`,`delivery_terms`,`name`,`fk_transaction_type_id`) values (5,NULL,NULL,NULL,NULL,1,'N',NULL,NULL,NULL,'Purchase Invoice tnc',5);
insert  into `conf_terms_condition`(`id`,`created_by`,`created_date_time`,`updated_by`,`updated_date_time`,`is_default`,`deleted`,`terms_and_condition`,`payment_terms`,`delivery_terms`,`name`,`fk_transaction_type_id`) values (6,NULL,NULL,NULL,NULL,1,'N',NULL,NULL,NULL,'Incoming DC tnc',6);
insert  into `conf_terms_condition`(`id`,`created_by`,`created_date_time`,`updated_by`,`updated_date_time`,`is_default`,`deleted`,`terms_and_condition`,`payment_terms`,`delivery_terms`,`name`,`fk_transaction_type_id`) values (7,NULL,NULL,NULL,NULL,1,'N',NULL,NULL,NULL,'Customer DC tnc',7);
insert  into `conf_terms_condition`(`id`,`created_by`,`created_date_time`,`updated_by`,`updated_date_time`,`is_default`,`deleted`,`terms_and_condition`,`payment_terms`,`delivery_terms`,`name`,`fk_transaction_type_id`) values (8,NULL,NULL,NULL,NULL,1,'N',NULL,NULL,NULL,'GRN tnc',8);
insert  into `conf_terms_condition`(`id`,`created_by`,`created_date_time`,`updated_by`,`updated_date_time`,`is_default`,`deleted`,`terms_and_condition`,`payment_terms`,`delivery_terms`,`name`,`fk_transaction_type_id`) values (9,NULL,NULL,NULL,NULL,1,'N',NULL,NULL,NULL,'Credit Note tnc',9);
insert  into `conf_terms_condition`(`id`,`created_by`,`created_date_time`,`updated_by`,`updated_date_time`,`is_default`,`deleted`,`terms_and_condition`,`payment_terms`,`delivery_terms`,`name`,`fk_transaction_type_id`) values (10,NULL,NULL,NULL,NULL,1,'N',NULL,NULL,NULL,'Debit Note tnc',10);
insert  into `conf_terms_condition`(`id`,`created_by`,`created_date_time`,`updated_by`,`updated_date_time`,`is_default`,`deleted`,`terms_and_condition`,`payment_terms`,`delivery_terms`,`name`,`fk_transaction_type_id`) values (11,NULL,NULL,NULL,NULL,1,'N',NULL,NULL,NULL,'Customer PO tnc',11);
insert  into `conf_terms_condition`(`id`,`created_by`,`created_date_time`,`updated_by`,`updated_date_time`,`is_default`,`deleted`,`terms_and_condition`,`payment_terms`,`delivery_terms`,`name`,`fk_transaction_type_id`) values (12,NULL,NULL,NULL,NULL,1,'N',NULL,NULL,NULL,'Customer Quotation tnc',12);


insert  into `cd_stock_update_on`(`id`,`created_by`,`created_date_time`,`updated_by`,`updated_date_time`,`deleted`,`transaction_type_id`,`party_type_id`) values (1,NULL,NULL,NULL,NULL,'N',8,2);
insert  into `cd_stock_update_on`(`id`,`created_by`,`created_date_time`,`updated_by`,`updated_date_time`,`deleted`,`transaction_type_id`,`party_type_id`) values (2,NULL,NULL,NULL,NULL,'N',1,1);
insert  into `cd_stock_update_on`(`id`,`created_by`,`created_date_time`,`updated_by`,`updated_date_time`,`deleted`,`transaction_type_id`,`party_type_id`) values (3,NULL,NULL,NULL,NULL,'N',5,2);
insert  into `cd_stock_update_on`(`id`,`created_by`,`created_date_time`,`updated_by`,`updated_date_time`,`deleted`,`transaction_type_id`,`party_type_id`) values (4,NULL,NULL,NULL,NULL,'N',7,1);

insert  into `conf_global_master_settings`(`id`,`created_by`,`created_date_time`,`updated_by`,`updated_date_time`,`bar_code_status`,`browser_path`,`cgst_percent`,`is_cust_mat_binding`,`deleted`,`is_disable_item_grp`,`help_doc`,`include_signature_status`,`is_tax_inclusive`,`is_item_level_disc`,`is_item_level_tax`,`print_status`,`purchase_price`,`sale_price`,`sgst_percent`,`is_show_cust_mat_in_sales`,`is_special_price_cal`,`financial_year_id`,`decrease_stock_on_id`,`increase_stock_on_id`,`roundoff_tax_transaction`,`stock_check_required`,`is_item_level_tax_purchase`) values (1,NULL,'2018-01-10 15:49:06','ravi','2018-11-17 12:27:33',NULL,NULL,NULL,0,'N',1,NULL,NULL,0,0,0,NULL,1,2,NULL,0,1,1,2,1,1,1,1);

insert  into `fw_menu`(`id`,`created_by`,`created_date_time`,`updated_by`,`updated_date_time`,`menu_order`,`name`,`company_id`,`deleted`,`menu_level`) values (1,NULL,NULL,NULL,NULL,1,'Settings',1,'N',2);
insert  into `fw_menu`(`id`,`created_by`,`created_date_time`,`updated_by`,`updated_date_time`,`menu_order`,`name`,`company_id`,`deleted`,`menu_level`) values (2,NULL,NULL,NULL,NULL,2,'Masters',1,'N',1);
insert  into `fw_menu`(`id`,`created_by`,`created_date_time`,`updated_by`,`updated_date_time`,`menu_order`,`name`,`company_id`,`deleted`,`menu_level`) values (3,NULL,NULL,NULL,NULL,3,'Transactions',1,'N',1);
insert  into `fw_menu`(`id`,`created_by`,`created_date_time`,`updated_by`,`updated_date_time`,`menu_order`,`name`,`company_id`,`deleted`,`menu_level`) values (4,NULL,NULL,NULL,NULL,4,'Accounts',1,'N',1);
insert  into `fw_menu`(`id`,`created_by`,`created_date_time`,`updated_by`,`updated_date_time`,`menu_order`,`name`,`company_id`,`deleted`,`menu_level`) values (5,NULL,NULL,NULL,NULL,5,'Reports',1,'N',1);
insert  into `fw_menu`(`id`,`created_by`,`created_date_time`,`updated_by`,`updated_date_time`,`menu_order`,`name`,`company_id`,`deleted`,`menu_level`) values (8,NULL,NULL,NULL,NULL,8,'General Master',1,'N',2);
insert  into `fw_menu`(`id`,`created_by`,`created_date_time`,`updated_by`,`updated_date_time`,`menu_order`,`name`,`company_id`,`deleted`,`menu_level`) values (9,NULL,NULL,NULL,NULL,9,'Purchases',1,'N',2);
insert  into `fw_menu`(`id`,`created_by`,`created_date_time`,`updated_by`,`updated_date_time`,`menu_order`,`name`,`company_id`,`deleted`,`menu_level`) values (12,NULL,NULL,NULL,NULL,10,'Sales',1,'N',2);
insert  into `fw_menu`(`id`,`created_by`,`created_date_time`,`updated_by`,`updated_date_time`,`menu_order`,`name`,`company_id`,`deleted`,`menu_level`) values (13,NULL,NULL,NULL,NULL,1,'Master',1,'N',2);
insert  into `fw_menu`(`id`,`created_by`,`created_date_time`,`updated_by`,`updated_date_time`,`menu_order`,`name`,`company_id`,`deleted`,`menu_level`) values (14,NULL,NULL,NULL,NULL,3,'Sales',1,'N',2);
insert  into `fw_menu`(`id`,`created_by`,`created_date_time`,`updated_by`,`updated_date_time`,`menu_order`,`name`,`company_id`,`deleted`,`menu_level`) values (15,NULL,NULL,NULL,NULL,16,'Accounts',1,'N',2);
insert  into `fw_menu`(`id`,`created_by`,`created_date_time`,`updated_by`,`updated_date_time`,`menu_order`,`name`,`company_id`,`deleted`,`menu_level`) values (16,NULL,NULL,NULL,NULL,11,'Job Work',1,'Y',2);
insert  into `fw_menu`(`id`,`created_by`,`created_date_time`,`updated_by`,`updated_date_time`,`menu_order`,`name`,`company_id`,`deleted`,`menu_level`) values (17,NULL,NULL,NULL,NULL,12,'Subcontracting',1,'Y',2);
insert  into `fw_menu`(`id`,`created_by`,`created_date_time`,`updated_by`,`updated_date_time`,`menu_order`,`name`,`company_id`,`deleted`,`menu_level`) values (18,NULL,NULL,NULL,NULL,19,'More',1,'N',1);
insert  into `fw_menu`(`id`,`created_by`,`created_date_time`,`updated_by`,`updated_date_time`,`menu_order`,`name`,`company_id`,`deleted`,`menu_level`) values (19,NULL,NULL,NULL,NULL,3,'Vouchers',1,'N',2);
insert  into `fw_menu`(`id`,`created_by`,`created_date_time`,`updated_by`,`updated_date_time`,`menu_order`,`name`,`company_id`,`deleted`,`menu_level`) values (20,NULL,NULL,NULL,NULL,2,'Purchases',1,'N',2);
insert  into `fw_menu`(`id`,`created_by`,`created_date_time`,`updated_by`,`updated_date_time`,`menu_order`,`name`,`company_id`,`deleted`,`menu_level`) values (21,NULL,NULL,NULL,NULL,4,'Job Work',1,'Y',2);
insert  into `fw_menu`(`id`,`created_by`,`created_date_time`,`updated_by`,`updated_date_time`,`menu_order`,`name`,`company_id`,`deleted`,`menu_level`) values (22,NULL,NULL,NULL,NULL,5,'Subcontract',1,'Y',2);
insert  into `fw_menu`(`id`,`created_by`,`created_date_time`,`updated_by`,`updated_date_time`,`menu_order`,`name`,`company_id`,`deleted`,`menu_level`) values (23,NULL,NULL,NULL,NULL,6,'GST',1,'Y',2);
insert  into `fw_menu`(`id`,`created_by`,`created_date_time`,`updated_by`,`updated_date_time`,`menu_order`,`name`,`company_id`,`deleted`,`menu_level`) values (24,NULL,NULL,NULL,NULL,7,'Accounts',1,'N',2);


insert  into `fw_activity`(`id`,`created_by`,`created_date_time`,`updated_by`,`updated_date_time`,`activity_order`,`deleted`,`description`,`image_path`,`name`,`page_url`,`company_id`,`menu_id`,`sub_menu_id`,`url_params`) values (1,NULL,NULL,NULL,NULL,1,'N',NULL,NULL,'Global Settings','setting/global-settings',1,1,NULL,NULL);
insert  into `fw_activity`(`id`,`created_by`,`created_date_time`,`updated_by`,`updated_date_time`,`activity_order`,`deleted`,`description`,`image_path`,`name`,`page_url`,`company_id`,`menu_id`,`sub_menu_id`,`url_params`) values (2,NULL,NULL,NULL,NULL,5,'N',NULL,NULL,'Expense Head','master/app-expense',1,8,NULL,NULL);
insert  into `fw_activity`(`id`,`created_by`,`created_date_time`,`updated_by`,`updated_date_time`,`activity_order`,`deleted`,`description`,`image_path`,`name`,`page_url`,`company_id`,`menu_id`,`sub_menu_id`,`url_params`) values (3,NULL,NULL,NULL,NULL,3,'N',NULL,NULL,'User Roles','setting/app-user-role',1,1,NULL,NULL);
insert  into `fw_activity`(`id`,`created_by`,`created_date_time`,`updated_by`,`updated_date_time`,`activity_order`,`deleted`,`description`,`image_path`,`name`,`page_url`,`company_id`,`menu_id`,`sub_menu_id`,`url_params`) values (7,NULL,NULL,NULL,NULL,1,'N',NULL,NULL,'Country Master','master/country-new',1,8,NULL,NULL);
insert  into `fw_activity`(`id`,`created_by`,`created_date_time`,`updated_by`,`updated_date_time`,`activity_order`,`deleted`,`description`,`image_path`,`name`,`page_url`,`company_id`,`menu_id`,`sub_menu_id`,`url_params`) values (8,NULL,NULL,NULL,NULL,2,'N',NULL,NULL,'State Master','master/app-state-master',1,8,NULL,NULL);
insert  into `fw_activity`(`id`,`created_by`,`created_date_time`,`updated_by`,`updated_date_time`,`activity_order`,`deleted`,`description`,`image_path`,`name`,`page_url`,`company_id`,`menu_id`,`sub_menu_id`,`url_params`) values (9,NULL,NULL,NULL,NULL,3,'N',NULL,NULL,'City Master','master/app-city-master',1,8,NULL,NULL);
insert  into `fw_activity`(`id`,`created_by`,`created_date_time`,`updated_by`,`updated_date_time`,`activity_order`,`deleted`,`description`,`image_path`,`name`,`page_url`,`company_id`,`menu_id`,`sub_menu_id`,`url_params`) values (10,NULL,NULL,NULL,NULL,4,'N',NULL,NULL,'Area Master','master/app-area-master',1,8,NULL,NULL);
insert  into `fw_activity`(`id`,`created_by`,`created_date_time`,`updated_by`,`updated_date_time`,`activity_order`,`deleted`,`description`,`image_path`,`name`,`page_url`,`company_id`,`menu_id`,`sub_menu_id`,`url_params`) values (11,NULL,NULL,NULL,NULL,3,'N',NULL,NULL,'Party Master','master/party-master',1,2,NULL,'1');
insert  into `fw_activity`(`id`,`created_by`,`created_date_time`,`updated_by`,`updated_date_time`,`activity_order`,`deleted`,`description`,`image_path`,`name`,`page_url`,`company_id`,`menu_id`,`sub_menu_id`,`url_params`) values (12,NULL,NULL,NULL,NULL,4,'N',NULL,NULL,'Material Master','master/material-master',1,2,NULL,'1');
insert  into `fw_activity`(`id`,`created_by`,`created_date_time`,`updated_by`,`updated_date_time`,`activity_order`,`deleted`,`description`,`image_path`,`name`,`page_url`,`company_id`,`menu_id`,`sub_menu_id`,`url_params`) values (13,NULL,NULL,NULL,NULL,5,'N',NULL,NULL,'Service Master','master/material-master',1,2,NULL,'2');
insert  into `fw_activity`(`id`,`created_by`,`created_date_time`,`updated_by`,`updated_date_time`,`activity_order`,`deleted`,`description`,`image_path`,`name`,`page_url`,`company_id`,`menu_id`,`sub_menu_id`,`url_params`) values (15,NULL,NULL,NULL,NULL,6,'N',NULL,NULL,'Bank Master','master/app-bank-master',1,8,NULL,NULL);
insert  into `fw_activity`(`id`,`created_by`,`created_date_time`,`updated_by`,`updated_date_time`,`activity_order`,`deleted`,`description`,`image_path`,`name`,`page_url`,`company_id`,`menu_id`,`sub_menu_id`,`url_params`) values (16,NULL,NULL,NULL,NULL,1,'N',NULL,NULL,'Purchases',NULL,1,3,9,NULL);
insert  into `fw_activity`(`id`,`created_by`,`created_date_time`,`updated_by`,`updated_date_time`,`activity_order`,`deleted`,`description`,`image_path`,`name`,`page_url`,`company_id`,`menu_id`,`sub_menu_id`,`url_params`) values (18,NULL,NULL,NULL,NULL,2,'N',NULL,NULL,'Incoming DC','transaction/dc-form',1,9,NULL,'6');
insert  into `fw_activity`(`id`,`created_by`,`created_date_time`,`updated_by`,`updated_date_time`,`activity_order`,`deleted`,`description`,`image_path`,`name`,`page_url`,`company_id`,`menu_id`,`sub_menu_id`,`url_params`) values (19,NULL,NULL,NULL,NULL,3,'N',NULL,NULL,'GRN','transaction/grn-form',1,9,NULL,'8');
insert  into `fw_activity`(`id`,`created_by`,`created_date_time`,`updated_by`,`updated_date_time`,`activity_order`,`deleted`,`description`,`image_path`,`name`,`page_url`,`company_id`,`menu_id`,`sub_menu_id`,`url_params`) values (31,NULL,NULL,NULL,NULL,2,'N',NULL,NULL,'Sales',NULL,1,3,12,NULL);
insert  into `fw_activity`(`id`,`created_by`,`created_date_time`,`updated_by`,`updated_date_time`,`activity_order`,`deleted`,`description`,`image_path`,`name`,`page_url`,`company_id`,`menu_id`,`sub_menu_id`,`url_params`) values (34,NULL,NULL,NULL,NULL,3,'N',NULL,NULL,'Customer DC','transaction/dc-form',1,12,NULL,'7');
insert  into `fw_activity`(`id`,`created_by`,`created_date_time`,`updated_by`,`updated_date_time`,`activity_order`,`deleted`,`description`,`image_path`,`name`,`page_url`,`company_id`,`menu_id`,`sub_menu_id`,`url_params`) values (36,NULL,NULL,NULL,NULL,1,'N',NULL,NULL,'Master','',1,5,13,NULL);
insert  into `fw_activity`(`id`,`created_by`,`created_date_time`,`updated_by`,`updated_date_time`,`activity_order`,`deleted`,`description`,`image_path`,`name`,`page_url`,`company_id`,`menu_id`,`sub_menu_id`,`url_params`) values (37,NULL,NULL,NULL,NULL,1,'N','This report displays material stock',NULL,'Stock Report','report/app-material-report',1,13,NULL,NULL);
insert  into `fw_activity`(`id`,`created_by`,`created_date_time`,`updated_by`,`updated_date_time`,`activity_order`,`deleted`,`description`,`image_path`,`name`,`page_url`,`company_id`,`menu_id`,`sub_menu_id`,`url_params`) values (40,NULL,NULL,NULL,NULL,2,'N',NULL,NULL,'Stock Trace Report','report/stock-trace',1,13,NULL,NULL);
insert  into `fw_activity`(`id`,`created_by`,`created_date_time`,`updated_by`,`updated_date_time`,`activity_order`,`deleted`,`description`,`image_path`,`name`,`page_url`,`company_id`,`menu_id`,`sub_menu_id`,`url_params`) values (41,NULL,NULL,NULL,NULL,3,'N',NULL,NULL,'Customer Detailed Report','report/app-party-detailed-report',1,13,NULL,'1');
insert  into `fw_activity`(`id`,`created_by`,`created_date_time`,`updated_by`,`updated_date_time`,`activity_order`,`deleted`,`description`,`image_path`,`name`,`page_url`,`company_id`,`menu_id`,`sub_menu_id`,`url_params`) values (42,NULL,NULL,NULL,NULL,4,'N',NULL,NULL,'Supplier Detailed Report','report/app-party-detailed-report',1,13,NULL,'2');
insert  into `fw_activity`(`id`,`created_by`,`created_date_time`,`updated_by`,`updated_date_time`,`activity_order`,`deleted`,`description`,`image_path`,`name`,`page_url`,`company_id`,`menu_id`,`sub_menu_id`,`url_params`) values (43,NULL,NULL,NULL,NULL,1,'N',NULL,NULL,'Sales',NULL,1,5,14,NULL);
insert  into `fw_activity`(`id`,`created_by`,`created_date_time`,`updated_by`,`updated_date_time`,`activity_order`,`deleted`,`description`,`image_path`,`name`,`page_url`,`company_id`,`menu_id`,`sub_menu_id`,`url_params`) values (44,NULL,NULL,NULL,NULL,1,'N',NULL,NULL,'Detailed Supplier PO report','report/app-po-report',1,20,NULL,'2');
insert  into `fw_activity`(`id`,`created_by`,`created_date_time`,`updated_by`,`updated_date_time`,`activity_order`,`deleted`,`description`,`image_path`,`name`,`page_url`,`company_id`,`menu_id`,`sub_menu_id`,`url_params`) values (45,NULL,NULL,NULL,NULL,2,'N',NULL,NULL,'Detailed Customer PO report','report/app-po-report',1,14,NULL,'11');
insert  into `fw_activity`(`id`,`created_by`,`created_date_time`,`updated_by`,`updated_date_time`,`activity_order`,`deleted`,`description`,`image_path`,`name`,`page_url`,`company_id`,`menu_id`,`sub_menu_id`,`url_params`) values (46,NULL,NULL,NULL,NULL,3,'N',NULL,NULL,'Purchase Detailed Report','report/app-invoice-item-report-new',1,20,NULL,'5');
insert  into `fw_activity`(`id`,`created_by`,`created_date_time`,`updated_by`,`updated_date_time`,`activity_order`,`deleted`,`description`,`image_path`,`name`,`page_url`,`company_id`,`menu_id`,`sub_menu_id`,`url_params`) values (47,NULL,NULL,NULL,NULL,4,'N',NULL,NULL,'Sales Detailed Report','report/app-invoice-item-report-new',1,14,NULL,'1');
insert  into `fw_activity`(`id`,`created_by`,`created_date_time`,`updated_by`,`updated_date_time`,`activity_order`,`deleted`,`description`,`image_path`,`name`,`page_url`,`company_id`,`menu_id`,`sub_menu_id`,`url_params`) values (48,NULL,NULL,NULL,NULL,5,'N',NULL,NULL,'Purchase Summary Report','report/app-invoice-summary-report',1,20,NULL,'5');
insert  into `fw_activity`(`id`,`created_by`,`created_date_time`,`updated_by`,`updated_date_time`,`activity_order`,`deleted`,`description`,`image_path`,`name`,`page_url`,`company_id`,`menu_id`,`sub_menu_id`,`url_params`) values (49,NULL,NULL,NULL,NULL,6,'N',NULL,NULL,'Sales Summary Report','report/app-invoice-summary-report',1,14,NULL,'1');
insert  into `fw_activity`(`id`,`created_by`,`created_date_time`,`updated_by`,`updated_date_time`,`activity_order`,`deleted`,`description`,`image_path`,`name`,`page_url`,`company_id`,`menu_id`,`sub_menu_id`,`url_params`) values (50,NULL,NULL,NULL,NULL,7,'N',NULL,NULL,'Detailed DC Report','report/app-dc-detailed-report',1,14,NULL,'7');
insert  into `fw_activity`(`id`,`created_by`,`created_date_time`,`updated_by`,`updated_date_time`,`activity_order`,`deleted`,`description`,`image_path`,`name`,`page_url`,`company_id`,`menu_id`,`sub_menu_id`,`url_params`) values (51,NULL,NULL,NULL,NULL,8,'N',NULL,NULL,'Incoming DC Detailed Report','report/app-dc-detailed-report',1,20,NULL,'6');
insert  into `fw_activity`(`id`,`created_by`,`created_date_time`,`updated_by`,`updated_date_time`,`activity_order`,`deleted`,`description`,`image_path`,`name`,`page_url`,`company_id`,`menu_id`,`sub_menu_id`,`url_params`) values (52,NULL,NULL,NULL,NULL,5,'N',NULL,NULL,'Customer Balance Report','report/app-balance-report',1,15,NULL,'1');
insert  into `fw_activity`(`id`,`created_by`,`created_date_time`,`updated_by`,`updated_date_time`,`activity_order`,`deleted`,`description`,`image_path`,`name`,`page_url`,`company_id`,`menu_id`,`sub_menu_id`,`url_params`) values (53,NULL,NULL,NULL,NULL,5,'N',NULL,NULL,'Supplier Balance Report','report/app-balance-report',1,15,NULL,'5');
insert  into `fw_activity`(`id`,`created_by`,`created_date_time`,`updated_by`,`updated_date_time`,`activity_order`,`deleted`,`description`,`image_path`,`name`,`page_url`,`company_id`,`menu_id`,`sub_menu_id`,`url_params`) values (54,NULL,NULL,NULL,NULL,8,'N',NULL,NULL,'Accounts',NULL,1,5,15,NULL);
insert  into `fw_activity`(`id`,`created_by`,`created_date_time`,`updated_by`,`updated_date_time`,`activity_order`,`deleted`,`description`,`image_path`,`name`,`page_url`,`company_id`,`menu_id`,`sub_menu_id`,`url_params`) values (55,NULL,NULL,NULL,NULL,2,'N',NULL,NULL,'Payments Made Report','report/app-payable-receivable-report',1,15,NULL,'4');
insert  into `fw_activity`(`id`,`created_by`,`created_date_time`,`updated_by`,`updated_date_time`,`activity_order`,`deleted`,`description`,`image_path`,`name`,`page_url`,`company_id`,`menu_id`,`sub_menu_id`,`url_params`) values (56,NULL,NULL,NULL,NULL,3,'N',NULL,NULL,'Payments Received Report','report/app-payable-receivable-report',1,15,NULL,'3');
insert  into `fw_activity`(`id`,`created_by`,`created_date_time`,`updated_by`,`updated_date_time`,`activity_order`,`deleted`,`description`,`image_path`,`name`,`page_url`,`company_id`,`menu_id`,`sub_menu_id`,`url_params`) values (59,NULL,NULL,NULL,NULL,11,'N',NULL,NULL,'Sales Tax Report','report/app-tax-report',1,14,NULL,'1');
insert  into `fw_activity`(`id`,`created_by`,`created_date_time`,`updated_by`,`updated_date_time`,`activity_order`,`deleted`,`description`,`image_path`,`name`,`page_url`,`company_id`,`menu_id`,`sub_menu_id`,`url_params`) values (60,NULL,NULL,NULL,NULL,2,'N',NULL,NULL,'Purchase Order','transaction/app-new-po-component',1,12,NULL,'11');
insert  into `fw_activity`(`id`,`created_by`,`created_date_time`,`updated_by`,`updated_date_time`,`activity_order`,`deleted`,`description`,`image_path`,`name`,`page_url`,`company_id`,`menu_id`,`sub_menu_id`,`url_params`) values (61,NULL,NULL,NULL,NULL,1,'N',NULL,NULL,'Quotation','transaction/app-new-quotation',1,12,NULL,'12');
insert  into `fw_activity`(`id`,`created_by`,`created_date_time`,`updated_by`,`updated_date_time`,`activity_order`,`deleted`,`description`,`image_path`,`name`,`page_url`,`company_id`,`menu_id`,`sub_menu_id`,`url_params`) values (62,NULL,NULL,NULL,NULL,5,'N',NULL,NULL,'Tax Invoice','transaction/app-new-invoice',1,12,NULL,'1');
insert  into `fw_activity`(`id`,`created_by`,`created_date_time`,`updated_by`,`updated_date_time`,`activity_order`,`deleted`,`description`,`image_path`,`name`,`page_url`,`company_id`,`menu_id`,`sub_menu_id`,`url_params`) values (63,NULL,NULL,NULL,NULL,1,'N',NULL,NULL,'Purchase Order','transaction/app-new-po-component',1,9,NULL,'2');
insert  into `fw_activity`(`id`,`created_by`,`created_date_time`,`updated_by`,`updated_date_time`,`activity_order`,`deleted`,`description`,`image_path`,`name`,`page_url`,`company_id`,`menu_id`,`sub_menu_id`,`url_params`) values (64,NULL,NULL,NULL,NULL,4,'N',NULL,NULL,'Purchase Invoice','transaction/app-new-invoice',1,9,NULL,'5');
insert  into `fw_activity`(`id`,`created_by`,`created_date_time`,`updated_by`,`updated_date_time`,`activity_order`,`deleted`,`description`,`image_path`,`name`,`page_url`,`company_id`,`menu_id`,`sub_menu_id`,`url_params`) values (65,NULL,NULL,NULL,NULL,1,'N',NULL,NULL,'Financial Year master','master/app-financial-master',1,1,NULL,NULL);
insert  into `fw_activity`(`id`,`created_by`,`created_date_time`,`updated_by`,`updated_date_time`,`activity_order`,`deleted`,`description`,`image_path`,`name`,`page_url`,`company_id`,`menu_id`,`sub_menu_id`,`url_params`) values (66,NULL,NULL,NULL,NULL,4,'N',NULL,NULL,'Proforma Invoice','transaction/app-new-invoice',1,12,NULL,'19');
insert  into `fw_activity`(`id`,`created_by`,`created_date_time`,`updated_by`,`updated_date_time`,`activity_order`,`deleted`,`description`,`image_path`,`name`,`page_url`,`company_id`,`menu_id`,`sub_menu_id`,`url_params`) values (67,NULL,NULL,NULL,NULL,1,'N',NULL,NULL,'Customer Receipts','transaction/app-new-payable-receivable',1,4,NULL,'3');
insert  into `fw_activity`(`id`,`created_by`,`created_date_time`,`updated_by`,`updated_date_time`,`activity_order`,`deleted`,`description`,`image_path`,`name`,`page_url`,`company_id`,`menu_id`,`sub_menu_id`,`url_params`) values (68,NULL,NULL,NULL,NULL,2,'N',NULL,NULL,'Supplier Payments','transaction/app-new-payable-receivable',1,4,NULL,'4');
insert  into `fw_activity`(`id`,`created_by`,`created_date_time`,`updated_by`,`updated_date_time`,`activity_order`,`deleted`,`description`,`image_path`,`name`,`page_url`,`company_id`,`menu_id`,`sub_menu_id`,`url_params`) values (69,NULL,NULL,NULL,NULL,5,'N',NULL,NULL,'Debit Note','transaction/app-new-invoice',1,9,NULL,'10');
insert  into `fw_activity`(`id`,`created_by`,`created_date_time`,`updated_by`,`updated_date_time`,`activity_order`,`deleted`,`description`,`image_path`,`name`,`page_url`,`company_id`,`menu_id`,`sub_menu_id`,`url_params`) values (70,NULL,NULL,NULL,NULL,6,'N',NULL,NULL,'Credit Note','transaction/app-new-invoice',1,12,NULL,'9');
insert  into `fw_activity`(`id`,`created_by`,`created_date_time`,`updated_by`,`updated_date_time`,`activity_order`,`deleted`,`description`,`image_path`,`name`,`page_url`,`company_id`,`menu_id`,`sub_menu_id`,`url_params`) values (71,NULL,NULL,NULL,NULL,9,'N',NULL,NULL,'Dashboard','dashboard',1,5,NULL,NULL);
insert  into `fw_activity`(`id`,`created_by`,`created_date_time`,`updated_by`,`updated_date_time`,`activity_order`,`deleted`,`description`,`image_path`,`name`,`page_url`,`company_id`,`menu_id`,`sub_menu_id`,`url_params`) values (72,NULL,NULL,NULL,NULL,3,'Y',NULL,NULL,'Job Work',NULL,1,3,16,NULL);
insert  into `fw_activity`(`id`,`created_by`,`created_date_time`,`updated_by`,`updated_date_time`,`activity_order`,`deleted`,`description`,`image_path`,`name`,`page_url`,`company_id`,`menu_id`,`sub_menu_id`,`url_params`) values (73,NULL,NULL,NULL,NULL,1,'Y',NULL,NULL,'Purchase Order','transaction/app-new-po-component',1,16,NULL,'20');
insert  into `fw_activity`(`id`,`created_by`,`created_date_time`,`updated_by`,`updated_date_time`,`activity_order`,`deleted`,`description`,`image_path`,`name`,`page_url`,`company_id`,`menu_id`,`sub_menu_id`,`url_params`) values (74,NULL,NULL,NULL,NULL,2,'Y',NULL,NULL,'Jobwork In DC','transaction/app-job-work-delivery-challan',1,16,NULL,'13');
insert  into `fw_activity`(`id`,`created_by`,`created_date_time`,`updated_by`,`updated_date_time`,`activity_order`,`deleted`,`description`,`image_path`,`name`,`page_url`,`company_id`,`menu_id`,`sub_menu_id`,`url_params`) values (75,NULL,NULL,NULL,NULL,3,'Y',NULL,NULL,'Jobwork Out DC','transaction/app-job-work-delivery-challan',1,16,NULL,'14');
insert  into `fw_activity`(`id`,`created_by`,`created_date_time`,`updated_by`,`updated_date_time`,`activity_order`,`deleted`,`description`,`image_path`,`name`,`page_url`,`company_id`,`menu_id`,`sub_menu_id`,`url_params`) values (76,NULL,NULL,NULL,NULL,4,'Y',NULL,NULL,'Jobwork Invoice','transaction/app-new-invoice',1,16,NULL,'15');
insert  into `fw_activity`(`id`,`created_by`,`created_date_time`,`updated_by`,`updated_date_time`,`activity_order`,`deleted`,`description`,`image_path`,`name`,`page_url`,`company_id`,`menu_id`,`sub_menu_id`,`url_params`) values (77,NULL,NULL,NULL,NULL,4,'Y',NULL,NULL,'Subcontracting',NULL,1,3,17,NULL);
insert  into `fw_activity`(`id`,`created_by`,`created_date_time`,`updated_by`,`updated_date_time`,`activity_order`,`deleted`,`description`,`image_path`,`name`,`page_url`,`company_id`,`menu_id`,`sub_menu_id`,`url_params`) values (78,NULL,NULL,NULL,NULL,1,'Y',NULL,NULL,'Purchase Order','transaction/app-new-po-component',1,17,NULL,'21');
insert  into `fw_activity`(`id`,`created_by`,`created_date_time`,`updated_by`,`updated_date_time`,`activity_order`,`deleted`,`description`,`image_path`,`name`,`page_url`,`company_id`,`menu_id`,`sub_menu_id`,`url_params`) values (79,NULL,NULL,NULL,NULL,2,'Y',NULL,NULL,'Subcontracting Out DC','transaction/app-job-work-delivery-challan',1,17,NULL,'16');
insert  into `fw_activity`(`id`,`created_by`,`created_date_time`,`updated_by`,`updated_date_time`,`activity_order`,`deleted`,`description`,`image_path`,`name`,`page_url`,`company_id`,`menu_id`,`sub_menu_id`,`url_params`) values (80,NULL,NULL,NULL,NULL,3,'Y',NULL,NULL,'Subcontracting In DC','transaction/app-job-work-delivery-challan',1,17,NULL,'17');
insert  into `fw_activity`(`id`,`created_by`,`created_date_time`,`updated_by`,`updated_date_time`,`activity_order`,`deleted`,`description`,`image_path`,`name`,`page_url`,`company_id`,`menu_id`,`sub_menu_id`,`url_params`) values (81,NULL,NULL,NULL,NULL,4,'Y',NULL,NULL,'Subcontracting Invoice','transaction/app-new-invoice',1,17,NULL,'18');
insert  into `fw_activity`(`id`,`created_by`,`created_date_time`,`updated_by`,`updated_date_time`,`activity_order`,`deleted`,`description`,`image_path`,`name`,`page_url`,`company_id`,`menu_id`,`sub_menu_id`,`url_params`) values (82,NULL,NULL,NULL,NULL,1,'N',NULL,NULL,'Cash Voucher','transaction/app-voucher',1,19,NULL,'22');
insert  into `fw_activity`(`id`,`created_by`,`created_date_time`,`updated_by`,`updated_date_time`,`activity_order`,`deleted`,`description`,`image_path`,`name`,`page_url`,`company_id`,`menu_id`,`sub_menu_id`,`url_params`) values (83,NULL,NULL,NULL,NULL,2,'N',NULL,NULL,'Cheque Voucher','transaction/app-voucher',1,19,NULL,'23');
insert  into `fw_activity`(`id`,`created_by`,`created_date_time`,`updated_by`,`updated_date_time`,`activity_order`,`deleted`,`description`,`image_path`,`name`,`page_url`,`company_id`,`menu_id`,`sub_menu_id`,`url_params`) values (85,NULL,NULL,NULL,NULL,12,'N',NULL,NULL,'Purchase Tax Report','report/app-tax-report',1,20,NULL,'5');
insert  into `fw_activity`(`id`,`created_by`,`created_date_time`,`updated_by`,`updated_date_time`,`activity_order`,`deleted`,`description`,`image_path`,`name`,`page_url`,`company_id`,`menu_id`,`sub_menu_id`,`url_params`) values (86,NULL,NULL,NULL,NULL,13,'N',NULL,NULL,'Credit Note Report','report/app-invoice-summary-report',1,14,NULL,'9');
insert  into `fw_activity`(`id`,`created_by`,`created_date_time`,`updated_by`,`updated_date_time`,`activity_order`,`deleted`,`description`,`image_path`,`name`,`page_url`,`company_id`,`menu_id`,`sub_menu_id`,`url_params`) values (87,NULL,NULL,NULL,NULL,14,'N',NULL,NULL,'Debit Note Report','report/app-invoice-summary-report',1,20,NULL,'10');
insert  into `fw_activity`(`id`,`created_by`,`created_date_time`,`updated_by`,`updated_date_time`,`activity_order`,`deleted`,`description`,`image_path`,`name`,`page_url`,`company_id`,`menu_id`,`sub_menu_id`,`url_params`) values (88,NULL,NULL,NULL,NULL,11,'Y',NULL,NULL,'GST Report','report/app-gst-report',1,23,NULL,'1');
insert  into `fw_activity`(`id`,`created_by`,`created_date_time`,`updated_by`,`updated_date_time`,`activity_order`,`deleted`,`description`,`image_path`,`name`,`page_url`,`company_id`,`menu_id`,`sub_menu_id`,`url_params`) values (89,NULL,NULL,NULL,NULL,1,'N',NULL,NULL,'User Profile','master/employee-management',1,18,NULL,NULL);
insert  into `fw_activity`(`id`,`created_by`,`created_date_time`,`updated_by`,`updated_date_time`,`activity_order`,`deleted`,`description`,`image_path`,`name`,`page_url`,`company_id`,`menu_id`,`sub_menu_id`,`url_params`) values (90,NULL,NULL,NULL,NULL,2,'N',NULL,NULL,'Company Profile','master/company-master',1,18,NULL,NULL);
insert  into `fw_activity`(`id`,`created_by`,`created_date_time`,`updated_by`,`updated_date_time`,`activity_order`,`deleted`,`description`,`image_path`,`name`,`page_url`,`company_id`,`menu_id`,`sub_menu_id`,`url_params`) values (91,NULL,NULL,NULL,NULL,3,'N',NULL,NULL,'Settings',NULL,1,18,1,NULL);
insert  into `fw_activity`(`id`,`created_by`,`created_date_time`,`updated_by`,`updated_date_time`,`activity_order`,`deleted`,`description`,`image_path`,`name`,`page_url`,`company_id`,`menu_id`,`sub_menu_id`,`url_params`) values (92,NULL,NULL,NULL,NULL,4,'N',NULL,NULL,'General Master',NULL,1,18,8,NULL);
insert  into `fw_activity`(`id`,`created_by`,`created_date_time`,`updated_by`,`updated_date_time`,`activity_order`,`deleted`,`description`,`image_path`,`name`,`page_url`,`company_id`,`menu_id`,`sub_menu_id`,`url_params`) values (93,NULL,NULL,NULL,NULL,6,'N',NULL,'contact_page','About','report/app-about-company',1,18,NULL,NULL);
insert  into `fw_activity`(`id`,`created_by`,`created_date_time`,`updated_by`,`updated_date_time`,`activity_order`,`deleted`,`description`,`image_path`,`name`,`page_url`,`company_id`,`menu_id`,`sub_menu_id`,`url_params`) values (94,NULL,NULL,NULL,NULL,7,'N',NULL,NULL,'Logout',NULL,1,18,NULL,NULL);
insert  into `fw_activity`(`id`,`created_by`,`created_date_time`,`updated_by`,`updated_date_time`,`activity_order`,`deleted`,`description`,`image_path`,`name`,`page_url`,`company_id`,`menu_id`,`sub_menu_id`,`url_params`) values (95,NULL,NULL,NULL,NULL,3,'N',NULL,NULL,'Vouchers',NULL,1,4,19,NULL);
insert  into `fw_activity`(`id`,`created_by`,`created_date_time`,`updated_by`,`updated_date_time`,`activity_order`,`deleted`,`description`,`image_path`,`name`,`page_url`,`company_id`,`menu_id`,`sub_menu_id`,`url_params`) values (96,NULL,NULL,NULL,NULL,3,'N',NULL,NULL,'Purchases',NULL,1,5,20,NULL);
insert  into `fw_activity`(`id`,`created_by`,`created_date_time`,`updated_by`,`updated_date_time`,`activity_order`,`deleted`,`description`,`image_path`,`name`,`page_url`,`company_id`,`menu_id`,`sub_menu_id`,`url_params`) values (97,NULL,NULL,NULL,NULL,4,'Y',NULL,NULL,'Job Work',NULL,1,5,21,NULL);
insert  into `fw_activity`(`id`,`created_by`,`created_date_time`,`updated_by`,`updated_date_time`,`activity_order`,`deleted`,`description`,`image_path`,`name`,`page_url`,`company_id`,`menu_id`,`sub_menu_id`,`url_params`) values (98,NULL,NULL,NULL,NULL,5,'Y',NULL,NULL,'Subcontract',NULL,1,5,22,NULL);
insert  into `fw_activity`(`id`,`created_by`,`created_date_time`,`updated_by`,`updated_date_time`,`activity_order`,`deleted`,`description`,`image_path`,`name`,`page_url`,`company_id`,`menu_id`,`sub_menu_id`,`url_params`) values (99,NULL,NULL,NULL,NULL,6,'Y',NULL,NULL,'GST',NULL,1,5,23,NULL);
insert  into `fw_activity`(`id`,`created_by`,`created_date_time`,`updated_by`,`updated_date_time`,`activity_order`,`deleted`,`description`,`image_path`,`name`,`page_url`,`company_id`,`menu_id`,`sub_menu_id`,`url_params`) values (100,NULL,NULL,NULL,NULL,4,'N',NULL,NULL,'Cash Voucher Report','report/app-voucher-report',1,15,NULL,'22');
insert  into `fw_activity`(`id`,`created_by`,`created_date_time`,`updated_by`,`updated_date_time`,`activity_order`,`deleted`,`description`,`image_path`,`name`,`page_url`,`company_id`,`menu_id`,`sub_menu_id`,`url_params`) values (101,NULL,NULL,NULL,NULL,4,'N',NULL,NULL,'Cheque Voucher Report','report/app-voucher-report',1,15,NULL,'23');
INSERT  INTO `fw_activity`(`id`,`created_by`,`created_date_time`,`updated_by`,`updated_date_time`,`activity_order`,`deleted`,`description`,`image_path`,`name`,`page_url`,`company_id`,`menu_id`,`sub_menu_id`,`url_params`) VALUES (102,NULL,NULL,NULL,NULL,7,'Y',NULL,NULL,'Process Master','master/process-master',1,2,NULL,NULL);
INSERT  INTO `fw_activity`(`id`,`created_by`,`created_date_time`,`updated_by`,`updated_date_time`,`activity_order`,`deleted`,`description`,`image_path`,`name`,`page_url`,`company_id`,`menu_id`,`sub_menu_id`,`url_params`) VALUES (111,NULL,NULL,NULL,NULL,12,'N',NULL,NULL,'Ageing Report','report/jr-container',1,14,NULL,'1,0,Invoice_Ageing');
INSERT  INTO `fw_activity`(`id`,`created_by`,`created_date_time`,`updated_by`,`updated_date_time`,`activity_order`,`deleted`,`description`,`image_path`,`name`,`page_url`,`company_id`,`menu_id`,`sub_menu_id`,`url_params`) VALUES (112,NULL,NULL,NULL,NULL,12,'N',NULL,NULL,'Ageing Report','report/jr-container',1,20,NULL,'1,0,Invoice_Ageing');
INSERT  INTO `fw_activity`(`id`,`created_by`,`created_date_time`,`updated_by`,`updated_date_time`,`activity_order`,`deleted`,`description`,`image_path`,`name`,`page_url`,`company_id`,`menu_id`,`sub_menu_id`,`url_params`) VALUES (113,NULL,NULL,NULL,NULL,4,'N',NULL,NULL,'Jobwork Tax Report','report/app-tax-report',1,21,NULL,'15');
INSERT  INTO `fw_activity`(`id`,`created_by`,`created_date_time`,`updated_by`,`updated_date_time`,`activity_order`,`deleted`,`description`,`image_path`,`name`,`page_url`,`company_id`,`menu_id`,`sub_menu_id`,`url_params`) VALUES (114,NULL,NULL,NULL,NULL,5,'N',NULL,NULL,'Subcontract Tax Report','report/app-tax-report',1,22,NULL,'18');
INSERT  INTO `fw_activity`(`id`,`created_by`,`created_date_time`,`updated_by`,`updated_date_time`,`activity_order`,`deleted`,`description`,`image_path`,`name`,`page_url`,`company_id`,`menu_id`,`sub_menu_id`,`url_params`) VALUES (115,NULL,NULL,NULL,NULL,13,'N',NULL,NULL,'Quotation Summary Report','report/app-quotation-summary-report',1,14,NULL,'12');

INSERT  INTO `fw_activity`(`id`,`created_by`,`created_date_time`,`updated_by`,`updated_date_time`,`activity_order`,`deleted`,`description`,`image_path`,`name`,`page_url`,`company_id`,`menu_id`,`sub_menu_id`,`url_params`) VALUES (118,NULL,NULL,NULL,NULL,5,'N',NULL,'help','Help Videos','report/app-help-videos',1,18,NULL,NULL);

insert into `fw_activity` (`id`, `created_by`, `created_date_time`, `updated_by`, `updated_date_time`, `activity_order`, `deleted`, `description`, `image_path`, `name`, `page_url`, `company_id`, `menu_id`, `sub_menu_id`, `url_params`) values(119,NULL,NULL,NULL,NULL,7,'Y',NULL,NULL,'Eway Bill','transaction/app-eway-bill',1,12,NULL,NULL);
--insert into `fw_activity` (`id`, `created_by`, `created_date_time`, `updated_by`, `updated_date_time`, `activity_order`, `deleted`, `description`, `image_path`, `name`, `page_url`, `company_id`, `menu_id`, `sub_menu_id`, `url_params`) values(120,NULL,NULL,NULL,NULL,8,'N',NULL,NULL,'Recurring Invoice','transaction/app-auto-transaction-master',1,12,NULL,NULL);
insert into `fw_activity` (`id`, `created_by`, `created_date_time`, `updated_by`, `updated_date_time`, `activity_order`, `deleted`, `description`, `image_path`, `name`, `page_url`, `company_id`, `menu_id`, `sub_menu_id`, `url_params`) values(121,NULL,NULL,NULL,NULL,6,'N',NULL,NULL,'Jobwork PO Report','report/app-po-report',1,21,NULL,20);
insert into `fw_activity` (`id`, `created_by`, `created_date_time`, `updated_by`, `updated_date_time`, `activity_order`, `deleted`, `description`, `image_path`, `name`, `page_url`, `company_id`, `menu_id`, `sub_menu_id`, `url_params`) values(122,NULL,NULL,NULL,NULL,6,'N',NULL,NULL,'Subcontract PO Report','report/app-po-report',1,22,NULL,21);
insert into `fw_activity` (`id`, `created_by`, `created_date_time`, `updated_by`, `updated_date_time`, `activity_order`, `deleted`, `description`, `image_path`, `name`, `page_url`, `company_id`, `menu_id`, `sub_menu_id`, `url_params`) values(123,NULL,NULL,NULL,NULL,14,'N',NULL,NULL,'Sales PO Balance Report','report/app-po-balance-report',1,14,NULL,11);
insert into `fw_activity` (`id`, `created_by`, `created_date_time`, `updated_by`, `updated_date_time`, `activity_order`, `deleted`, `description`, `image_path`, `name`, `page_url`, `company_id`, `menu_id`, `sub_menu_id`, `url_params`) values(124,NULL,NULL,NULL,NULL,14,'N',NULL,NULL,'Purchase PO Balance Report','report/app-po-balance-report',1,20,NULL,2);
insert into `fw_activity` (`id`, `created_by`, `created_date_time`, `updated_by`, `updated_date_time`, `activity_order`, `deleted`, `description`, `image_path`, `name`, `page_url`, `company_id`, `menu_id`, `sub_menu_id`, `url_params`) values(125,NULL,NULL,NULL,NULL,7,'N',NULL,NULL,'Jobwork PO Balance Report','report/app-po-balance-report',1,21,NULL,20);
insert into `fw_activity` (`id`, `created_by`, `created_date_time`, `updated_by`, `updated_date_time`, `activity_order`, `deleted`, `description`, `image_path`, `name`, `page_url`, `company_id`, `menu_id`, `sub_menu_id`, `url_params`) values(126,NULL,NULL,NULL,NULL,7,'N',NULL,NULL,'Subcontract PO Balance Report','report/app-po-balance-report',1,22,NULL,21);
insert into `fw_activity` (`id`, `created_by`, `created_date_time`, `updated_by`, `updated_date_time`, `activity_order`, `deleted`, `description`, `image_path`, `name`, `page_url`, `company_id`, `menu_id`, `sub_menu_id`, `url_params`) values(127,NULL,NULL,NULL,NULL,6,'N',NULL,NULL,'Price List Report','report/app-price-list-report',1,13,NULL,NULL);
insert into `fw_activity` (`id`, `created_by`, `created_date_time`, `updated_by`, `updated_date_time`, `activity_order`, `deleted`, `description`, `image_path`, `name`, `page_url`, `company_id`, `menu_id`, `sub_menu_id`, `url_params`)  values(128,NULL,NULL,NULL,NULL,16,'Y',NULL,NULL,'E-Way Bill Report','report/app-eway-bill-report',1,14,NULL,NULL);
insert into `fw_activity` (`id`, `created_by`, `created_date_time`, `updated_by`, `updated_date_time`, `activity_order`, `deleted`, `description`, `image_path`, `name`, `page_url`, `company_id`, `menu_id`, `sub_menu_id`, `url_params`)  values(129,NULL,NULL,NULL,NULL,5,'N',NULL,NULL,'Jobwork Credit Note','transaction/app-new-invoice',1,16,NULL,28);
insert into `fw_activity` (`id`, `created_by`, `created_date_time`, `updated_by`, `updated_date_time`, `activity_order`, `deleted`, `description`, `image_path`, `name`, `page_url`, `company_id`, `menu_id`, `sub_menu_id`, `url_params`)  values(130,NULL,NULL,NULL,NULL,5,'N',NULL,NULL,'Subcontract Debit Note','transaction/app-new-invoice',1,17,NULL,29);









insert  into `fw_activity_role_binding`(`id`,`created_by`,`created_date_time`,`updated_by`,`updated_date_time`,`deleted`,`permission_to_approve`,`permission_to_create`,`permission_to_delete`,`permission_to_cancel`,`permission_to_print`,`permission_to_update`,`activity_id`,`company_id`,`role_id`,`user_id`) values (1314,'configc','2019-06-15 10:30:36','configc','2019-06-15 10:30:36','N',1,1,1,1,1,1,1,NULL,1,NULL);
insert  into `fw_activity_role_binding`(`id`,`created_by`,`created_date_time`,`updated_by`,`updated_date_time`,`deleted`,`permission_to_approve`,`permission_to_create`,`permission_to_delete`,`permission_to_cancel`,`permission_to_print`,`permission_to_update`,`activity_id`,`company_id`,`role_id`,`user_id`) values (1315,'configc','2019-06-15 10:30:36','configc','2019-06-15 10:30:36','N',1,1,1,1,1,1,3,NULL,1,NULL);
insert  into `fw_activity_role_binding`(`id`,`created_by`,`created_date_time`,`updated_by`,`updated_date_time`,`deleted`,`permission_to_approve`,`permission_to_create`,`permission_to_delete`,`permission_to_cancel`,`permission_to_print`,`permission_to_update`,`activity_id`,`company_id`,`role_id`,`user_id`) values (1318,'configc','2019-06-15 10:30:36','configc','2019-06-15 10:30:36','N',1,1,1,1,1,1,7,NULL,1,NULL);
insert  into `fw_activity_role_binding`(`id`,`created_by`,`created_date_time`,`updated_by`,`updated_date_time`,`deleted`,`permission_to_approve`,`permission_to_create`,`permission_to_delete`,`permission_to_cancel`,`permission_to_print`,`permission_to_update`,`activity_id`,`company_id`,`role_id`,`user_id`) values (1319,'configc','2019-06-15 10:30:36','configc','2019-06-15 10:30:36','N',1,1,1,1,1,1,8,NULL,1,NULL);
insert  into `fw_activity_role_binding`(`id`,`created_by`,`created_date_time`,`updated_by`,`updated_date_time`,`deleted`,`permission_to_approve`,`permission_to_create`,`permission_to_delete`,`permission_to_cancel`,`permission_to_print`,`permission_to_update`,`activity_id`,`company_id`,`role_id`,`user_id`) values (1320,'configc','2019-06-15 10:30:36','configc','2019-06-15 10:30:36','N',1,1,1,1,1,1,9,NULL,1,NULL);
insert  into `fw_activity_role_binding`(`id`,`created_by`,`created_date_time`,`updated_by`,`updated_date_time`,`deleted`,`permission_to_approve`,`permission_to_create`,`permission_to_delete`,`permission_to_cancel`,`permission_to_print`,`permission_to_update`,`activity_id`,`company_id`,`role_id`,`user_id`) values (1321,'configc','2019-06-15 10:30:36','configc','2019-06-15 10:30:36','N',1,1,1,1,1,1,10,NULL,1,NULL);
insert  into `fw_activity_role_binding`(`id`,`created_by`,`created_date_time`,`updated_by`,`updated_date_time`,`deleted`,`permission_to_approve`,`permission_to_create`,`permission_to_delete`,`permission_to_cancel`,`permission_to_print`,`permission_to_update`,`activity_id`,`company_id`,`role_id`,`user_id`) values (1322,'configc','2019-06-15 10:30:36','configc','2019-06-15 10:30:36','N',1,1,1,1,1,1,11,NULL,1,NULL);
insert  into `fw_activity_role_binding`(`id`,`created_by`,`created_date_time`,`updated_by`,`updated_date_time`,`deleted`,`permission_to_approve`,`permission_to_create`,`permission_to_delete`,`permission_to_cancel`,`permission_to_print`,`permission_to_update`,`activity_id`,`company_id`,`role_id`,`user_id`) values (1323,'configc','2019-06-15 10:30:36','configc','2019-06-15 10:30:36','N',1,1,1,1,1,1,12,NULL,1,NULL);
insert  into `fw_activity_role_binding`(`id`,`created_by`,`created_date_time`,`updated_by`,`updated_date_time`,`deleted`,`permission_to_approve`,`permission_to_create`,`permission_to_delete`,`permission_to_cancel`,`permission_to_print`,`permission_to_update`,`activity_id`,`company_id`,`role_id`,`user_id`) values (1324,'configc','2019-06-15 10:30:36','configc','2019-06-15 10:30:36','N',1,1,1,1,1,1,13,NULL,1,NULL);
insert  into `fw_activity_role_binding`(`id`,`created_by`,`created_date_time`,`updated_by`,`updated_date_time`,`deleted`,`permission_to_approve`,`permission_to_create`,`permission_to_delete`,`permission_to_cancel`,`permission_to_print`,`permission_to_update`,`activity_id`,`company_id`,`role_id`,`user_id`) values (1326,'configc','2019-06-15 10:30:36','configc','2019-06-15 10:30:36','N',1,1,1,1,1,1,15,NULL,1,NULL);
insert  into `fw_activity_role_binding`(`id`,`created_by`,`created_date_time`,`updated_by`,`updated_date_time`,`deleted`,`permission_to_approve`,`permission_to_create`,`permission_to_delete`,`permission_to_cancel`,`permission_to_print`,`permission_to_update`,`activity_id`,`company_id`,`role_id`,`user_id`) values (1327,'configc','2019-06-15 10:30:36','configc','2019-06-15 10:30:36','N',1,1,1,1,1,1,65,NULL,1,NULL);
insert  into `fw_activity_role_binding`(`id`,`created_by`,`created_date_time`,`updated_by`,`updated_date_time`,`deleted`,`permission_to_approve`,`permission_to_create`,`permission_to_delete`,`permission_to_cancel`,`permission_to_print`,`permission_to_update`,`activity_id`,`company_id`,`role_id`,`user_id`) values (1328,'configc','2019-06-15 10:30:36','configc','2019-06-15 10:30:36','N',1,1,1,1,1,1,16,NULL,1,NULL);
insert  into `fw_activity_role_binding`(`id`,`created_by`,`created_date_time`,`updated_by`,`updated_date_time`,`deleted`,`permission_to_approve`,`permission_to_create`,`permission_to_delete`,`permission_to_cancel`,`permission_to_print`,`permission_to_update`,`activity_id`,`company_id`,`role_id`,`user_id`) values (1329,'configc','2019-06-15 10:30:36','configc','2019-06-15 10:30:36','N',1,1,1,1,1,1,18,NULL,1,NULL);
insert  into `fw_activity_role_binding`(`id`,`created_by`,`created_date_time`,`updated_by`,`updated_date_time`,`deleted`,`permission_to_approve`,`permission_to_create`,`permission_to_delete`,`permission_to_cancel`,`permission_to_print`,`permission_to_update`,`activity_id`,`company_id`,`role_id`,`user_id`) values (1330,'configc','2019-06-15 10:30:36','configc','2019-06-15 10:30:36','N',1,1,1,1,1,1,19,NULL,1,NULL);
insert  into `fw_activity_role_binding`(`id`,`created_by`,`created_date_time`,`updated_by`,`updated_date_time`,`deleted`,`permission_to_approve`,`permission_to_create`,`permission_to_delete`,`permission_to_cancel`,`permission_to_print`,`permission_to_update`,`activity_id`,`company_id`,`role_id`,`user_id`) values (1331,'configc','2019-06-15 10:30:36','configc','2019-06-15 10:30:36','N',1,1,1,1,1,1,63,NULL,1,NULL);
insert  into `fw_activity_role_binding`(`id`,`created_by`,`created_date_time`,`updated_by`,`updated_date_time`,`deleted`,`permission_to_approve`,`permission_to_create`,`permission_to_delete`,`permission_to_cancel`,`permission_to_print`,`permission_to_update`,`activity_id`,`company_id`,`role_id`,`user_id`) values (1332,'configc','2019-06-15 10:30:36','configc','2019-06-15 10:30:36','N',1,1,1,1,1,1,64,NULL,1,NULL);
insert  into `fw_activity_role_binding`(`id`,`created_by`,`created_date_time`,`updated_by`,`updated_date_time`,`deleted`,`permission_to_approve`,`permission_to_create`,`permission_to_delete`,`permission_to_cancel`,`permission_to_print`,`permission_to_update`,`activity_id`,`company_id`,`role_id`,`user_id`) values (1333,'configc','2019-06-15 10:30:36','configc','2019-06-15 10:30:36','N',1,1,1,1,1,1,69,NULL,1,NULL);
insert  into `fw_activity_role_binding`(`id`,`created_by`,`created_date_time`,`updated_by`,`updated_date_time`,`deleted`,`permission_to_approve`,`permission_to_create`,`permission_to_delete`,`permission_to_cancel`,`permission_to_print`,`permission_to_update`,`activity_id`,`company_id`,`role_id`,`user_id`) values (1334,'configc','2019-06-15 10:30:36','configc','2019-06-15 10:30:36','N',1,1,1,1,1,1,31,NULL,1,NULL);
insert  into `fw_activity_role_binding`(`id`,`created_by`,`created_date_time`,`updated_by`,`updated_date_time`,`deleted`,`permission_to_approve`,`permission_to_create`,`permission_to_delete`,`permission_to_cancel`,`permission_to_print`,`permission_to_update`,`activity_id`,`company_id`,`role_id`,`user_id`) values (1335,'configc','2019-06-15 10:30:36','configc','2019-06-15 10:30:36','N',1,1,1,1,1,1,34,NULL,1,NULL);
insert  into `fw_activity_role_binding`(`id`,`created_by`,`created_date_time`,`updated_by`,`updated_date_time`,`deleted`,`permission_to_approve`,`permission_to_create`,`permission_to_delete`,`permission_to_cancel`,`permission_to_print`,`permission_to_update`,`activity_id`,`company_id`,`role_id`,`user_id`) values (1336,'configc','2019-06-15 10:30:36','configc','2019-06-15 10:30:36','N',1,1,1,1,1,1,60,NULL,1,NULL);
insert  into `fw_activity_role_binding`(`id`,`created_by`,`created_date_time`,`updated_by`,`updated_date_time`,`deleted`,`permission_to_approve`,`permission_to_create`,`permission_to_delete`,`permission_to_cancel`,`permission_to_print`,`permission_to_update`,`activity_id`,`company_id`,`role_id`,`user_id`) values (1337,'configc','2019-06-15 10:30:36','configc','2019-06-15 10:30:36','N',1,1,1,1,1,1,61,NULL,1,NULL);
insert  into `fw_activity_role_binding`(`id`,`created_by`,`created_date_time`,`updated_by`,`updated_date_time`,`deleted`,`permission_to_approve`,`permission_to_create`,`permission_to_delete`,`permission_to_cancel`,`permission_to_print`,`permission_to_update`,`activity_id`,`company_id`,`role_id`,`user_id`) values (1338,'configc','2019-06-15 10:30:36','configc','2019-06-15 10:30:36','N',1,1,1,1,1,1,62,NULL,1,NULL);
insert  into `fw_activity_role_binding`(`id`,`created_by`,`created_date_time`,`updated_by`,`updated_date_time`,`deleted`,`permission_to_approve`,`permission_to_create`,`permission_to_delete`,`permission_to_cancel`,`permission_to_print`,`permission_to_update`,`activity_id`,`company_id`,`role_id`,`user_id`) values (1339,'configc','2019-06-15 10:30:36','configc','2019-06-15 10:30:36','N',1,1,1,1,1,1,66,NULL,1,NULL);
insert  into `fw_activity_role_binding`(`id`,`created_by`,`created_date_time`,`updated_by`,`updated_date_time`,`deleted`,`permission_to_approve`,`permission_to_create`,`permission_to_delete`,`permission_to_cancel`,`permission_to_print`,`permission_to_update`,`activity_id`,`company_id`,`role_id`,`user_id`) values (1340,'configc','2019-06-15 10:30:36','configc','2019-06-15 10:30:36','N',1,1,1,1,1,1,70,NULL,1,NULL);
insert  into `fw_activity_role_binding`(`id`,`created_by`,`created_date_time`,`updated_by`,`updated_date_time`,`deleted`,`permission_to_approve`,`permission_to_create`,`permission_to_delete`,`permission_to_cancel`,`permission_to_print`,`permission_to_update`,`activity_id`,`company_id`,`role_id`,`user_id`) values (1341,'configc','2019-06-15 10:30:36','configc','2019-06-15 10:30:36','Y',1,1,1,1,1,1,72,NULL,1,NULL);
insert  into `fw_activity_role_binding`(`id`,`created_by`,`created_date_time`,`updated_by`,`updated_date_time`,`deleted`,`permission_to_approve`,`permission_to_create`,`permission_to_delete`,`permission_to_cancel`,`permission_to_print`,`permission_to_update`,`activity_id`,`company_id`,`role_id`,`user_id`) values (1342,'configc','2019-06-15 10:30:36','configc','2019-06-15 10:30:36','Y',1,1,1,1,1,1,73,NULL,1,NULL);
insert  into `fw_activity_role_binding`(`id`,`created_by`,`created_date_time`,`updated_by`,`updated_date_time`,`deleted`,`permission_to_approve`,`permission_to_create`,`permission_to_delete`,`permission_to_cancel`,`permission_to_print`,`permission_to_update`,`activity_id`,`company_id`,`role_id`,`user_id`) values (1343,'configc','2019-06-15 10:30:36','configc','2019-06-15 10:30:36','Y',1,1,1,1,1,1,74,NULL,1,NULL);
insert  into `fw_activity_role_binding`(`id`,`created_by`,`created_date_time`,`updated_by`,`updated_date_time`,`deleted`,`permission_to_approve`,`permission_to_create`,`permission_to_delete`,`permission_to_cancel`,`permission_to_print`,`permission_to_update`,`activity_id`,`company_id`,`role_id`,`user_id`) values (1344,'configc','2019-06-15 10:30:36','configc','2019-06-15 10:30:36','Y',1,1,1,1,1,1,75,NULL,1,NULL);
insert  into `fw_activity_role_binding`(`id`,`created_by`,`created_date_time`,`updated_by`,`updated_date_time`,`deleted`,`permission_to_approve`,`permission_to_create`,`permission_to_delete`,`permission_to_cancel`,`permission_to_print`,`permission_to_update`,`activity_id`,`company_id`,`role_id`,`user_id`) values (1345,'configc','2019-06-15 10:30:36','configc','2019-06-15 10:30:36','Y',1,1,1,1,1,1,76,NULL,1,NULL);
insert  into `fw_activity_role_binding`(`id`,`created_by`,`created_date_time`,`updated_by`,`updated_date_time`,`deleted`,`permission_to_approve`,`permission_to_create`,`permission_to_delete`,`permission_to_cancel`,`permission_to_print`,`permission_to_update`,`activity_id`,`company_id`,`role_id`,`user_id`) values (1346,'configc','2019-06-15 10:30:36','configc','2019-06-15 10:30:36','Y',1,1,1,1,1,1,77,NULL,1,NULL);
insert  into `fw_activity_role_binding`(`id`,`created_by`,`created_date_time`,`updated_by`,`updated_date_time`,`deleted`,`permission_to_approve`,`permission_to_create`,`permission_to_delete`,`permission_to_cancel`,`permission_to_print`,`permission_to_update`,`activity_id`,`company_id`,`role_id`,`user_id`) values (1347,'configc','2019-06-15 10:30:36','configc','2019-06-15 10:30:36','Y',1,1,1,1,1,1,78,NULL,1,NULL);
insert  into `fw_activity_role_binding`(`id`,`created_by`,`created_date_time`,`updated_by`,`updated_date_time`,`deleted`,`permission_to_approve`,`permission_to_create`,`permission_to_delete`,`permission_to_cancel`,`permission_to_print`,`permission_to_update`,`activity_id`,`company_id`,`role_id`,`user_id`) values (1348,'configc','2019-06-15 10:30:36','configc','2019-06-15 10:30:36','Y',1,1,1,1,1,1,79,NULL,1,NULL);
insert  into `fw_activity_role_binding`(`id`,`created_by`,`created_date_time`,`updated_by`,`updated_date_time`,`deleted`,`permission_to_approve`,`permission_to_create`,`permission_to_delete`,`permission_to_cancel`,`permission_to_print`,`permission_to_update`,`activity_id`,`company_id`,`role_id`,`user_id`) values (1349,'configc','2019-06-15 10:30:36','configc','2019-06-15 10:30:36','Y',1,1,1,1,1,1,80,NULL,1,NULL);
insert  into `fw_activity_role_binding`(`id`,`created_by`,`created_date_time`,`updated_by`,`updated_date_time`,`deleted`,`permission_to_approve`,`permission_to_create`,`permission_to_delete`,`permission_to_cancel`,`permission_to_print`,`permission_to_update`,`activity_id`,`company_id`,`role_id`,`user_id`) values (1350,'configc','2019-06-15 10:30:36','configc','2019-06-15 10:30:36','Y',1,1,1,1,1,1,81,NULL,1,NULL);
insert  into `fw_activity_role_binding`(`id`,`created_by`,`created_date_time`,`updated_by`,`updated_date_time`,`deleted`,`permission_to_approve`,`permission_to_create`,`permission_to_delete`,`permission_to_cancel`,`permission_to_print`,`permission_to_update`,`activity_id`,`company_id`,`role_id`,`user_id`) values (1351,'configc','2019-06-15 10:30:36','configc','2019-06-15 10:30:36','N',1,1,1,1,0,1,67,NULL,1,NULL);
insert  into `fw_activity_role_binding`(`id`,`created_by`,`created_date_time`,`updated_by`,`updated_date_time`,`deleted`,`permission_to_approve`,`permission_to_create`,`permission_to_delete`,`permission_to_cancel`,`permission_to_print`,`permission_to_update`,`activity_id`,`company_id`,`role_id`,`user_id`) values (1352,'configc','2019-06-15 10:30:36','configc','2019-06-15 10:30:36','N',1,1,1,1,0,1,68,NULL,1,NULL);
insert  into `fw_activity_role_binding`(`id`,`created_by`,`created_date_time`,`updated_by`,`updated_date_time`,`deleted`,`permission_to_approve`,`permission_to_create`,`permission_to_delete`,`permission_to_cancel`,`permission_to_print`,`permission_to_update`,`activity_id`,`company_id`,`role_id`,`user_id`) values (1353,'configc','2019-06-15 10:30:36','configc','2019-06-15 10:30:36','N',0,1,1,0,1,1,82,NULL,1,NULL);
insert  into `fw_activity_role_binding`(`id`,`created_by`,`created_date_time`,`updated_by`,`updated_date_time`,`deleted`,`permission_to_approve`,`permission_to_create`,`permission_to_delete`,`permission_to_cancel`,`permission_to_print`,`permission_to_update`,`activity_id`,`company_id`,`role_id`,`user_id`) values (1354,'configc','2019-06-15 10:30:36','configc','2019-06-15 10:30:36','N',0,1,1,0,1,1,83,NULL,1,NULL);
insert  into `fw_activity_role_binding`(`id`,`created_by`,`created_date_time`,`updated_by`,`updated_date_time`,`deleted`,`permission_to_approve`,`permission_to_create`,`permission_to_delete`,`permission_to_cancel`,`permission_to_print`,`permission_to_update`,`activity_id`,`company_id`,`role_id`,`user_id`) values (1355,'configc','2019-06-15 10:30:36','configc','2019-06-15 10:30:36','N',1,1,1,1,1,1,36,NULL,1,NULL);
insert  into `fw_activity_role_binding`(`id`,`created_by`,`created_date_time`,`updated_by`,`updated_date_time`,`deleted`,`permission_to_approve`,`permission_to_create`,`permission_to_delete`,`permission_to_cancel`,`permission_to_print`,`permission_to_update`,`activity_id`,`company_id`,`role_id`,`user_id`) values (1356,'configc','2019-06-15 10:30:36','configc','2019-06-15 10:30:36','N',1,1,1,1,1,1,37,NULL,1,NULL);
insert  into `fw_activity_role_binding`(`id`,`created_by`,`created_date_time`,`updated_by`,`updated_date_time`,`deleted`,`permission_to_approve`,`permission_to_create`,`permission_to_delete`,`permission_to_cancel`,`permission_to_print`,`permission_to_update`,`activity_id`,`company_id`,`role_id`,`user_id`) values (1357,'configc','2019-06-15 10:30:36','configc','2019-06-15 10:30:36','N',1,1,1,1,1,1,40,NULL,1,NULL);
insert  into `fw_activity_role_binding`(`id`,`created_by`,`created_date_time`,`updated_by`,`updated_date_time`,`deleted`,`permission_to_approve`,`permission_to_create`,`permission_to_delete`,`permission_to_cancel`,`permission_to_print`,`permission_to_update`,`activity_id`,`company_id`,`role_id`,`user_id`) values (1358,'configc','2019-06-15 10:30:36','configc','2019-06-15 10:30:36','N',1,1,1,1,1,1,41,NULL,1,NULL);
insert  into `fw_activity_role_binding`(`id`,`created_by`,`created_date_time`,`updated_by`,`updated_date_time`,`deleted`,`permission_to_approve`,`permission_to_create`,`permission_to_delete`,`permission_to_cancel`,`permission_to_print`,`permission_to_update`,`activity_id`,`company_id`,`role_id`,`user_id`) values (1359,'configc','2019-06-15 10:30:36','configc','2019-06-15 10:30:36','N',1,1,1,1,1,1,42,NULL,1,NULL);
insert  into `fw_activity_role_binding`(`id`,`created_by`,`created_date_time`,`updated_by`,`updated_date_time`,`deleted`,`permission_to_approve`,`permission_to_create`,`permission_to_delete`,`permission_to_cancel`,`permission_to_print`,`permission_to_update`,`activity_id`,`company_id`,`role_id`,`user_id`) values (1360,'configc','2019-06-15 10:30:36','configc','2019-06-15 10:30:36','N',1,1,1,1,1,1,43,NULL,1,NULL);
insert  into `fw_activity_role_binding`(`id`,`created_by`,`created_date_time`,`updated_by`,`updated_date_time`,`deleted`,`permission_to_approve`,`permission_to_create`,`permission_to_delete`,`permission_to_cancel`,`permission_to_print`,`permission_to_update`,`activity_id`,`company_id`,`role_id`,`user_id`) values (1361,'configc','2019-06-15 10:30:36','configc','2019-06-15 10:30:36','N',1,1,1,1,1,1,44,NULL,1,NULL);
insert  into `fw_activity_role_binding`(`id`,`created_by`,`created_date_time`,`updated_by`,`updated_date_time`,`deleted`,`permission_to_approve`,`permission_to_create`,`permission_to_delete`,`permission_to_cancel`,`permission_to_print`,`permission_to_update`,`activity_id`,`company_id`,`role_id`,`user_id`) values (1362,'configc','2019-06-15 10:30:36','configc','2019-06-15 10:30:36','N',1,1,1,1,1,1,45,NULL,1,NULL);
insert  into `fw_activity_role_binding`(`id`,`created_by`,`created_date_time`,`updated_by`,`updated_date_time`,`deleted`,`permission_to_approve`,`permission_to_create`,`permission_to_delete`,`permission_to_cancel`,`permission_to_print`,`permission_to_update`,`activity_id`,`company_id`,`role_id`,`user_id`) values (1363,'configc','2019-06-15 10:30:36','configc','2019-06-15 10:30:36','N',1,1,1,1,1,1,46,NULL,1,NULL);
insert  into `fw_activity_role_binding`(`id`,`created_by`,`created_date_time`,`updated_by`,`updated_date_time`,`deleted`,`permission_to_approve`,`permission_to_create`,`permission_to_delete`,`permission_to_cancel`,`permission_to_print`,`permission_to_update`,`activity_id`,`company_id`,`role_id`,`user_id`) values (1364,'configc','2019-06-15 10:30:36','configc','2019-06-15 10:30:36','N',1,1,1,1,1,1,47,NULL,1,NULL);
insert  into `fw_activity_role_binding`(`id`,`created_by`,`created_date_time`,`updated_by`,`updated_date_time`,`deleted`,`permission_to_approve`,`permission_to_create`,`permission_to_delete`,`permission_to_cancel`,`permission_to_print`,`permission_to_update`,`activity_id`,`company_id`,`role_id`,`user_id`) values (1365,'configc','2019-06-15 10:30:36','configc','2019-06-15 10:30:36','N',1,1,1,1,1,1,48,NULL,1,NULL);
insert  into `fw_activity_role_binding`(`id`,`created_by`,`created_date_time`,`updated_by`,`updated_date_time`,`deleted`,`permission_to_approve`,`permission_to_create`,`permission_to_delete`,`permission_to_cancel`,`permission_to_print`,`permission_to_update`,`activity_id`,`company_id`,`role_id`,`user_id`) values (1366,'configc','2019-06-15 10:30:36','configc','2019-06-15 10:30:36','N',1,1,1,1,1,1,49,NULL,1,NULL);
insert  into `fw_activity_role_binding`(`id`,`created_by`,`created_date_time`,`updated_by`,`updated_date_time`,`deleted`,`permission_to_approve`,`permission_to_create`,`permission_to_delete`,`permission_to_cancel`,`permission_to_print`,`permission_to_update`,`activity_id`,`company_id`,`role_id`,`user_id`) values (1367,'configc','2019-06-15 10:30:36','configc','2019-06-15 10:30:36','N',1,1,1,1,1,1,50,NULL,1,NULL);
insert  into `fw_activity_role_binding`(`id`,`created_by`,`created_date_time`,`updated_by`,`updated_date_time`,`deleted`,`permission_to_approve`,`permission_to_create`,`permission_to_delete`,`permission_to_cancel`,`permission_to_print`,`permission_to_update`,`activity_id`,`company_id`,`role_id`,`user_id`) values (1368,'configc','2019-06-15 10:30:36','configc','2019-06-15 10:30:36','N',1,1,1,1,1,1,51,NULL,1,NULL);
insert  into `fw_activity_role_binding`(`id`,`created_by`,`created_date_time`,`updated_by`,`updated_date_time`,`deleted`,`permission_to_approve`,`permission_to_create`,`permission_to_delete`,`permission_to_cancel`,`permission_to_print`,`permission_to_update`,`activity_id`,`company_id`,`role_id`,`user_id`) values (1369,'configc','2019-06-15 10:30:36','configc','2019-06-15 10:30:36','N',1,1,1,1,1,1,52,NULL,1,NULL);
insert  into `fw_activity_role_binding`(`id`,`created_by`,`created_date_time`,`updated_by`,`updated_date_time`,`deleted`,`permission_to_approve`,`permission_to_create`,`permission_to_delete`,`permission_to_cancel`,`permission_to_print`,`permission_to_update`,`activity_id`,`company_id`,`role_id`,`user_id`) values (1370,'configc','2019-06-15 10:30:36','configc','2019-06-15 10:30:36','N',1,1,1,1,1,1,53,NULL,1,NULL);
insert  into `fw_activity_role_binding`(`id`,`created_by`,`created_date_time`,`updated_by`,`updated_date_time`,`deleted`,`permission_to_approve`,`permission_to_create`,`permission_to_delete`,`permission_to_cancel`,`permission_to_print`,`permission_to_update`,`activity_id`,`company_id`,`role_id`,`user_id`) values (1371,'configc','2019-06-15 10:30:36','configc','2019-06-15 10:30:36','N',1,1,1,1,1,1,59,NULL,1,NULL);
insert  into `fw_activity_role_binding`(`id`,`created_by`,`created_date_time`,`updated_by`,`updated_date_time`,`deleted`,`permission_to_approve`,`permission_to_create`,`permission_to_delete`,`permission_to_cancel`,`permission_to_print`,`permission_to_update`,`activity_id`,`company_id`,`role_id`,`user_id`) values (1372,'configc','2019-06-15 10:30:36','configc','2019-06-15 10:30:36','N',0,0,0,0,0,0,85,NULL,1,NULL);
insert  into `fw_activity_role_binding`(`id`,`created_by`,`created_date_time`,`updated_by`,`updated_date_time`,`deleted`,`permission_to_approve`,`permission_to_create`,`permission_to_delete`,`permission_to_cancel`,`permission_to_print`,`permission_to_update`,`activity_id`,`company_id`,`role_id`,`user_id`) values (1373,'configc','2019-06-15 10:30:36','configc','2019-06-15 10:30:36','N',0,0,0,0,0,0,86,NULL,1,NULL);
insert  into `fw_activity_role_binding`(`id`,`created_by`,`created_date_time`,`updated_by`,`updated_date_time`,`deleted`,`permission_to_approve`,`permission_to_create`,`permission_to_delete`,`permission_to_cancel`,`permission_to_print`,`permission_to_update`,`activity_id`,`company_id`,`role_id`,`user_id`) values (1374,'configc','2019-06-15 10:30:36','configc','2019-06-15 10:30:36','N',0,0,0,0,0,0,87,NULL,1,NULL);
insert  into `fw_activity_role_binding`(`id`,`created_by`,`created_date_time`,`updated_by`,`updated_date_time`,`deleted`,`permission_to_approve`,`permission_to_create`,`permission_to_delete`,`permission_to_cancel`,`permission_to_print`,`permission_to_update`,`activity_id`,`company_id`,`role_id`,`user_id`) values (1375,'configc','2019-06-15 10:30:36','configc','2019-06-15 10:30:36','Y',0,0,0,0,0,0,88,NULL,1,NULL);
insert  into `fw_activity_role_binding`(`id`,`created_by`,`created_date_time`,`updated_by`,`updated_date_time`,`deleted`,`permission_to_approve`,`permission_to_create`,`permission_to_delete`,`permission_to_cancel`,`permission_to_print`,`permission_to_update`,`activity_id`,`company_id`,`role_id`,`user_id`) values (1376,'configc','2019-06-15 10:30:36','configc','2019-06-15 10:30:36','N',1,1,1,1,1,1,54,NULL,1,NULL);
insert  into `fw_activity_role_binding`(`id`,`created_by`,`created_date_time`,`updated_by`,`updated_date_time`,`deleted`,`permission_to_approve`,`permission_to_create`,`permission_to_delete`,`permission_to_cancel`,`permission_to_print`,`permission_to_update`,`activity_id`,`company_id`,`role_id`,`user_id`) values (1377,'configc','2019-06-15 10:30:36','configc','2019-06-15 10:30:36','N',1,1,1,1,1,1,55,NULL,1,NULL);
insert  into `fw_activity_role_binding`(`id`,`created_by`,`created_date_time`,`updated_by`,`updated_date_time`,`deleted`,`permission_to_approve`,`permission_to_create`,`permission_to_delete`,`permission_to_cancel`,`permission_to_print`,`permission_to_update`,`activity_id`,`company_id`,`role_id`,`user_id`) values (1378,'configc','2019-06-15 10:30:37','configc','2019-06-15 10:30:37','N',1,1,1,1,1,1,56,NULL,1,NULL);
insert  into `fw_activity_role_binding`(`id`,`created_by`,`created_date_time`,`updated_by`,`updated_date_time`,`deleted`,`permission_to_approve`,`permission_to_create`,`permission_to_delete`,`permission_to_cancel`,`permission_to_print`,`permission_to_update`,`activity_id`,`company_id`,`role_id`,`user_id`) values (1379,'configc','2019-06-15 10:30:37','configc','2019-06-15 10:30:37','N',0,0,0,0,0,0,71,NULL,1,NULL);
insert  into `fw_activity_role_binding`(`id`,`created_by`,`created_date_time`,`updated_by`,`updated_date_time`,`deleted`,`permission_to_approve`,`permission_to_create`,`permission_to_delete`,`permission_to_cancel`,`permission_to_print`,`permission_to_update`,`activity_id`,`company_id`,`role_id`,`user_id`) values (1380,NULL,NULL,NULL,NULL,'N',NULL,1,NULL,NULL,NULL,1,89,NULL,1,NULL);
insert  into `fw_activity_role_binding`(`id`,`created_by`,`created_date_time`,`updated_by`,`updated_date_time`,`deleted`,`permission_to_approve`,`permission_to_create`,`permission_to_delete`,`permission_to_cancel`,`permission_to_print`,`permission_to_update`,`activity_id`,`company_id`,`role_id`,`user_id`) values (1381,NULL,NULL,NULL,NULL,'N',NULL,1,NULL,NULL,NULL,NULL,90,NULL,1,NULL);
insert  into `fw_activity_role_binding`(`id`,`created_by`,`created_date_time`,`updated_by`,`updated_date_time`,`deleted`,`permission_to_approve`,`permission_to_create`,`permission_to_delete`,`permission_to_cancel`,`permission_to_print`,`permission_to_update`,`activity_id`,`company_id`,`role_id`,`user_id`) values (1382,NULL,NULL,NULL,NULL,'N',NULL,1,NULL,NULL,NULL,NULL,91,NULL,1,NULL);
insert  into `fw_activity_role_binding`(`id`,`created_by`,`created_date_time`,`updated_by`,`updated_date_time`,`deleted`,`permission_to_approve`,`permission_to_create`,`permission_to_delete`,`permission_to_cancel`,`permission_to_print`,`permission_to_update`,`activity_id`,`company_id`,`role_id`,`user_id`) values (1383,NULL,NULL,NULL,NULL,'N',NULL,1,NULL,NULL,NULL,NULL,92,NULL,1,NULL);
insert  into `fw_activity_role_binding`(`id`,`created_by`,`created_date_time`,`updated_by`,`updated_date_time`,`deleted`,`permission_to_approve`,`permission_to_create`,`permission_to_delete`,`permission_to_cancel`,`permission_to_print`,`permission_to_update`,`activity_id`,`company_id`,`role_id`,`user_id`) values (1384,NULL,NULL,NULL,NULL,'N',NULL,1,NULL,NULL,NULL,NULL,2,NULL,1,NULL);
insert  into `fw_activity_role_binding`(`id`,`created_by`,`created_date_time`,`updated_by`,`updated_date_time`,`deleted`,`permission_to_approve`,`permission_to_create`,`permission_to_delete`,`permission_to_cancel`,`permission_to_print`,`permission_to_update`,`activity_id`,`company_id`,`role_id`,`user_id`) values (1385,NULL,NULL,NULL,NULL,'N',NULL,1,NULL,NULL,NULL,NULL,93,NULL,1,NULL);
insert  into `fw_activity_role_binding`(`id`,`created_by`,`created_date_time`,`updated_by`,`updated_date_time`,`deleted`,`permission_to_approve`,`permission_to_create`,`permission_to_delete`,`permission_to_cancel`,`permission_to_print`,`permission_to_update`,`activity_id`,`company_id`,`role_id`,`user_id`) values (1386,NULL,NULL,NULL,NULL,'N',NULL,1,NULL,NULL,NULL,NULL,94,NULL,1,NULL);
insert  into `fw_activity_role_binding`(`id`,`created_by`,`created_date_time`,`updated_by`,`updated_date_time`,`deleted`,`permission_to_approve`,`permission_to_create`,`permission_to_delete`,`permission_to_cancel`,`permission_to_print`,`permission_to_update`,`activity_id`,`company_id`,`role_id`,`user_id`) values (1387,NULL,NULL,NULL,NULL,'N',NULL,1,NULL,NULL,NULL,NULL,95,NULL,1,NULL);
insert  into `fw_activity_role_binding`(`id`,`created_by`,`created_date_time`,`updated_by`,`updated_date_time`,`deleted`,`permission_to_approve`,`permission_to_create`,`permission_to_delete`,`permission_to_cancel`,`permission_to_print`,`permission_to_update`,`activity_id`,`company_id`,`role_id`,`user_id`) values (1388,NULL,NULL,NULL,NULL,'N',NULL,1,NULL,NULL,NULL,NULL,96,NULL,1,NULL);
insert  into `fw_activity_role_binding`(`id`,`created_by`,`created_date_time`,`updated_by`,`updated_date_time`,`deleted`,`permission_to_approve`,`permission_to_create`,`permission_to_delete`,`permission_to_cancel`,`permission_to_print`,`permission_to_update`,`activity_id`,`company_id`,`role_id`,`user_id`) values (1389,NULL,NULL,NULL,NULL,'Y',NULL,1,NULL,NULL,NULL,NULL,97,NULL,1,NULL);
insert  into `fw_activity_role_binding`(`id`,`created_by`,`created_date_time`,`updated_by`,`updated_date_time`,`deleted`,`permission_to_approve`,`permission_to_create`,`permission_to_delete`,`permission_to_cancel`,`permission_to_print`,`permission_to_update`,`activity_id`,`company_id`,`role_id`,`user_id`) values (1390,NULL,NULL,NULL,NULL,'Y',NULL,1,NULL,NULL,NULL,NULL,98,NULL,1,NULL);
insert  into `fw_activity_role_binding`(`id`,`created_by`,`created_date_time`,`updated_by`,`updated_date_time`,`deleted`,`permission_to_approve`,`permission_to_create`,`permission_to_delete`,`permission_to_cancel`,`permission_to_print`,`permission_to_update`,`activity_id`,`company_id`,`role_id`,`user_id`) values (1391,NULL,NULL,NULL,NULL,'Y',NULL,1,NULL,NULL,NULL,NULL,99,NULL,1,NULL);
insert  into `fw_activity_role_binding`(`id`,`created_by`,`created_date_time`,`updated_by`,`updated_date_time`,`deleted`,`permission_to_approve`,`permission_to_create`,`permission_to_delete`,`permission_to_cancel`,`permission_to_print`,`permission_to_update`,`activity_id`,`company_id`,`role_id`,`user_id`) values (1393,NULL,NULL,NULL,NULL,'N',NULL,NULL,NULL,NULL,NULL,NULL,1,NULL,3,NULL);
insert  into `fw_activity_role_binding`(`id`,`created_by`,`created_date_time`,`updated_by`,`updated_date_time`,`deleted`,`permission_to_approve`,`permission_to_create`,`permission_to_delete`,`permission_to_cancel`,`permission_to_print`,`permission_to_update`,`activity_id`,`company_id`,`role_id`,`user_id`) values (1394,NULL,NULL,NULL,NULL,'N',NULL,NULL,NULL,NULL,NULL,NULL,3,NULL,3,NULL);
insert  into `fw_activity_role_binding`(`id`,`created_by`,`created_date_time`,`updated_by`,`updated_date_time`,`deleted`,`permission_to_approve`,`permission_to_create`,`permission_to_delete`,`permission_to_cancel`,`permission_to_print`,`permission_to_update`,`activity_id`,`company_id`,`role_id`,`user_id`) values (1395,NULL,NULL,NULL,NULL,'N',NULL,NULL,NULL,NULL,NULL,NULL,7,NULL,3,NULL);
insert  into `fw_activity_role_binding`(`id`,`created_by`,`created_date_time`,`updated_by`,`updated_date_time`,`deleted`,`permission_to_approve`,`permission_to_create`,`permission_to_delete`,`permission_to_cancel`,`permission_to_print`,`permission_to_update`,`activity_id`,`company_id`,`role_id`,`user_id`) values (1396,NULL,NULL,NULL,NULL,'N',NULL,NULL,NULL,NULL,NULL,NULL,8,NULL,3,NULL);
insert  into `fw_activity_role_binding`(`id`,`created_by`,`created_date_time`,`updated_by`,`updated_date_time`,`deleted`,`permission_to_approve`,`permission_to_create`,`permission_to_delete`,`permission_to_cancel`,`permission_to_print`,`permission_to_update`,`activity_id`,`company_id`,`role_id`,`user_id`) values (1397,NULL,NULL,NULL,NULL,'N',NULL,NULL,NULL,NULL,NULL,NULL,9,NULL,3,NULL);
insert  into `fw_activity_role_binding`(`id`,`created_by`,`created_date_time`,`updated_by`,`updated_date_time`,`deleted`,`permission_to_approve`,`permission_to_create`,`permission_to_delete`,`permission_to_cancel`,`permission_to_print`,`permission_to_update`,`activity_id`,`company_id`,`role_id`,`user_id`) values (1398,NULL,NULL,NULL,NULL,'N',NULL,NULL,NULL,NULL,NULL,NULL,10,NULL,3,NULL);
insert  into `fw_activity_role_binding`(`id`,`created_by`,`created_date_time`,`updated_by`,`updated_date_time`,`deleted`,`permission_to_approve`,`permission_to_create`,`permission_to_delete`,`permission_to_cancel`,`permission_to_print`,`permission_to_update`,`activity_id`,`company_id`,`role_id`,`user_id`) values (1399,NULL,NULL,NULL,NULL,'N',NULL,NULL,NULL,NULL,NULL,NULL,11,NULL,3,NULL);
insert  into `fw_activity_role_binding`(`id`,`created_by`,`created_date_time`,`updated_by`,`updated_date_time`,`deleted`,`permission_to_approve`,`permission_to_create`,`permission_to_delete`,`permission_to_cancel`,`permission_to_print`,`permission_to_update`,`activity_id`,`company_id`,`role_id`,`user_id`) values (1400,NULL,NULL,NULL,NULL,'N',NULL,NULL,NULL,NULL,NULL,NULL,12,NULL,3,NULL);
insert  into `fw_activity_role_binding`(`id`,`created_by`,`created_date_time`,`updated_by`,`updated_date_time`,`deleted`,`permission_to_approve`,`permission_to_create`,`permission_to_delete`,`permission_to_cancel`,`permission_to_print`,`permission_to_update`,`activity_id`,`company_id`,`role_id`,`user_id`) values (1401,NULL,NULL,NULL,NULL,'N',NULL,NULL,NULL,NULL,NULL,NULL,13,NULL,3,NULL);
insert  into `fw_activity_role_binding`(`id`,`created_by`,`created_date_time`,`updated_by`,`updated_date_time`,`deleted`,`permission_to_approve`,`permission_to_create`,`permission_to_delete`,`permission_to_cancel`,`permission_to_print`,`permission_to_update`,`activity_id`,`company_id`,`role_id`,`user_id`) values (1402,NULL,NULL,NULL,NULL,'N',NULL,NULL,NULL,NULL,NULL,NULL,15,NULL,3,NULL);
insert  into `fw_activity_role_binding`(`id`,`created_by`,`created_date_time`,`updated_by`,`updated_date_time`,`deleted`,`permission_to_approve`,`permission_to_create`,`permission_to_delete`,`permission_to_cancel`,`permission_to_print`,`permission_to_update`,`activity_id`,`company_id`,`role_id`,`user_id`) values (1403,NULL,NULL,NULL,NULL,'N',NULL,NULL,NULL,NULL,NULL,NULL,65,NULL,3,NULL);
insert  into `fw_activity_role_binding`(`id`,`created_by`,`created_date_time`,`updated_by`,`updated_date_time`,`deleted`,`permission_to_approve`,`permission_to_create`,`permission_to_delete`,`permission_to_cancel`,`permission_to_print`,`permission_to_update`,`activity_id`,`company_id`,`role_id`,`user_id`) values (1404,NULL,NULL,NULL,NULL,'N',NULL,NULL,NULL,NULL,NULL,NULL,16,NULL,3,NULL);
insert  into `fw_activity_role_binding`(`id`,`created_by`,`created_date_time`,`updated_by`,`updated_date_time`,`deleted`,`permission_to_approve`,`permission_to_create`,`permission_to_delete`,`permission_to_cancel`,`permission_to_print`,`permission_to_update`,`activity_id`,`company_id`,`role_id`,`user_id`) values (1405,NULL,NULL,NULL,NULL,'N',NULL,NULL,NULL,NULL,NULL,NULL,18,NULL,3,NULL);
insert  into `fw_activity_role_binding`(`id`,`created_by`,`created_date_time`,`updated_by`,`updated_date_time`,`deleted`,`permission_to_approve`,`permission_to_create`,`permission_to_delete`,`permission_to_cancel`,`permission_to_print`,`permission_to_update`,`activity_id`,`company_id`,`role_id`,`user_id`) values (1406,NULL,NULL,NULL,NULL,'N',NULL,NULL,NULL,NULL,NULL,NULL,19,NULL,3,NULL);
insert  into `fw_activity_role_binding`(`id`,`created_by`,`created_date_time`,`updated_by`,`updated_date_time`,`deleted`,`permission_to_approve`,`permission_to_create`,`permission_to_delete`,`permission_to_cancel`,`permission_to_print`,`permission_to_update`,`activity_id`,`company_id`,`role_id`,`user_id`) values (1407,NULL,NULL,NULL,NULL,'N',NULL,NULL,NULL,NULL,NULL,NULL,63,NULL,3,NULL);
insert  into `fw_activity_role_binding`(`id`,`created_by`,`created_date_time`,`updated_by`,`updated_date_time`,`deleted`,`permission_to_approve`,`permission_to_create`,`permission_to_delete`,`permission_to_cancel`,`permission_to_print`,`permission_to_update`,`activity_id`,`company_id`,`role_id`,`user_id`) values (1408,NULL,NULL,NULL,NULL,'N',NULL,NULL,NULL,NULL,NULL,NULL,64,NULL,3,NULL);
insert  into `fw_activity_role_binding`(`id`,`created_by`,`created_date_time`,`updated_by`,`updated_date_time`,`deleted`,`permission_to_approve`,`permission_to_create`,`permission_to_delete`,`permission_to_cancel`,`permission_to_print`,`permission_to_update`,`activity_id`,`company_id`,`role_id`,`user_id`) values (1409,NULL,NULL,NULL,NULL,'N',NULL,NULL,NULL,NULL,NULL,NULL,69,NULL,3,NULL);
insert  into `fw_activity_role_binding`(`id`,`created_by`,`created_date_time`,`updated_by`,`updated_date_time`,`deleted`,`permission_to_approve`,`permission_to_create`,`permission_to_delete`,`permission_to_cancel`,`permission_to_print`,`permission_to_update`,`activity_id`,`company_id`,`role_id`,`user_id`) values (1410,NULL,NULL,NULL,NULL,'N',NULL,NULL,NULL,NULL,NULL,NULL,31,NULL,3,NULL);
insert  into `fw_activity_role_binding`(`id`,`created_by`,`created_date_time`,`updated_by`,`updated_date_time`,`deleted`,`permission_to_approve`,`permission_to_create`,`permission_to_delete`,`permission_to_cancel`,`permission_to_print`,`permission_to_update`,`activity_id`,`company_id`,`role_id`,`user_id`) values (1411,NULL,NULL,NULL,NULL,'N',NULL,NULL,NULL,NULL,NULL,NULL,34,NULL,3,NULL);
insert  into `fw_activity_role_binding`(`id`,`created_by`,`created_date_time`,`updated_by`,`updated_date_time`,`deleted`,`permission_to_approve`,`permission_to_create`,`permission_to_delete`,`permission_to_cancel`,`permission_to_print`,`permission_to_update`,`activity_id`,`company_id`,`role_id`,`user_id`) values (1412,NULL,NULL,NULL,NULL,'N',NULL,NULL,NULL,NULL,NULL,NULL,60,NULL,3,NULL);
insert  into `fw_activity_role_binding`(`id`,`created_by`,`created_date_time`,`updated_by`,`updated_date_time`,`deleted`,`permission_to_approve`,`permission_to_create`,`permission_to_delete`,`permission_to_cancel`,`permission_to_print`,`permission_to_update`,`activity_id`,`company_id`,`role_id`,`user_id`) values (1413,NULL,NULL,NULL,NULL,'N',NULL,NULL,NULL,NULL,NULL,NULL,61,NULL,3,NULL);
insert  into `fw_activity_role_binding`(`id`,`created_by`,`created_date_time`,`updated_by`,`updated_date_time`,`deleted`,`permission_to_approve`,`permission_to_create`,`permission_to_delete`,`permission_to_cancel`,`permission_to_print`,`permission_to_update`,`activity_id`,`company_id`,`role_id`,`user_id`) values (1414,NULL,NULL,NULL,NULL,'N',NULL,NULL,NULL,NULL,NULL,NULL,62,NULL,3,NULL);
insert  into `fw_activity_role_binding`(`id`,`created_by`,`created_date_time`,`updated_by`,`updated_date_time`,`deleted`,`permission_to_approve`,`permission_to_create`,`permission_to_delete`,`permission_to_cancel`,`permission_to_print`,`permission_to_update`,`activity_id`,`company_id`,`role_id`,`user_id`) values (1415,NULL,NULL,NULL,NULL,'N',NULL,NULL,NULL,NULL,NULL,NULL,66,NULL,3,NULL);
insert  into `fw_activity_role_binding`(`id`,`created_by`,`created_date_time`,`updated_by`,`updated_date_time`,`deleted`,`permission_to_approve`,`permission_to_create`,`permission_to_delete`,`permission_to_cancel`,`permission_to_print`,`permission_to_update`,`activity_id`,`company_id`,`role_id`,`user_id`) values (1416,NULL,NULL,NULL,NULL,'N',NULL,NULL,NULL,NULL,NULL,NULL,70,NULL,3,NULL);
insert  into `fw_activity_role_binding`(`id`,`created_by`,`created_date_time`,`updated_by`,`updated_date_time`,`deleted`,`permission_to_approve`,`permission_to_create`,`permission_to_delete`,`permission_to_cancel`,`permission_to_print`,`permission_to_update`,`activity_id`,`company_id`,`role_id`,`user_id`) values (1417,NULL,NULL,NULL,NULL,'Y',NULL,NULL,NULL,NULL,NULL,NULL,72,NULL,3,NULL);
insert  into `fw_activity_role_binding`(`id`,`created_by`,`created_date_time`,`updated_by`,`updated_date_time`,`deleted`,`permission_to_approve`,`permission_to_create`,`permission_to_delete`,`permission_to_cancel`,`permission_to_print`,`permission_to_update`,`activity_id`,`company_id`,`role_id`,`user_id`) values (1418,NULL,NULL,NULL,NULL,'Y',NULL,NULL,NULL,NULL,NULL,NULL,73,NULL,3,NULL);
insert  into `fw_activity_role_binding`(`id`,`created_by`,`created_date_time`,`updated_by`,`updated_date_time`,`deleted`,`permission_to_approve`,`permission_to_create`,`permission_to_delete`,`permission_to_cancel`,`permission_to_print`,`permission_to_update`,`activity_id`,`company_id`,`role_id`,`user_id`) values (1419,NULL,NULL,NULL,NULL,'Y',NULL,NULL,NULL,NULL,NULL,NULL,74,NULL,3,NULL);
insert  into `fw_activity_role_binding`(`id`,`created_by`,`created_date_time`,`updated_by`,`updated_date_time`,`deleted`,`permission_to_approve`,`permission_to_create`,`permission_to_delete`,`permission_to_cancel`,`permission_to_print`,`permission_to_update`,`activity_id`,`company_id`,`role_id`,`user_id`) values (1420,NULL,NULL,NULL,NULL,'Y',NULL,NULL,NULL,NULL,NULL,NULL,75,NULL,3,NULL);
insert  into `fw_activity_role_binding`(`id`,`created_by`,`created_date_time`,`updated_by`,`updated_date_time`,`deleted`,`permission_to_approve`,`permission_to_create`,`permission_to_delete`,`permission_to_cancel`,`permission_to_print`,`permission_to_update`,`activity_id`,`company_id`,`role_id`,`user_id`) values (1421,NULL,NULL,NULL,NULL,'Y',NULL,NULL,NULL,NULL,NULL,NULL,76,NULL,3,NULL);
insert  into `fw_activity_role_binding`(`id`,`created_by`,`created_date_time`,`updated_by`,`updated_date_time`,`deleted`,`permission_to_approve`,`permission_to_create`,`permission_to_delete`,`permission_to_cancel`,`permission_to_print`,`permission_to_update`,`activity_id`,`company_id`,`role_id`,`user_id`) values (1422,NULL,NULL,NULL,NULL,'Y',NULL,NULL,NULL,NULL,NULL,NULL,77,NULL,3,NULL);
insert  into `fw_activity_role_binding`(`id`,`created_by`,`created_date_time`,`updated_by`,`updated_date_time`,`deleted`,`permission_to_approve`,`permission_to_create`,`permission_to_delete`,`permission_to_cancel`,`permission_to_print`,`permission_to_update`,`activity_id`,`company_id`,`role_id`,`user_id`) values (1423,NULL,NULL,NULL,NULL,'Y',NULL,NULL,NULL,NULL,NULL,NULL,78,NULL,3,NULL);
insert  into `fw_activity_role_binding`(`id`,`created_by`,`created_date_time`,`updated_by`,`updated_date_time`,`deleted`,`permission_to_approve`,`permission_to_create`,`permission_to_delete`,`permission_to_cancel`,`permission_to_print`,`permission_to_update`,`activity_id`,`company_id`,`role_id`,`user_id`) values (1424,NULL,NULL,NULL,NULL,'Y',NULL,NULL,NULL,NULL,NULL,NULL,79,NULL,3,NULL);
insert  into `fw_activity_role_binding`(`id`,`created_by`,`created_date_time`,`updated_by`,`updated_date_time`,`deleted`,`permission_to_approve`,`permission_to_create`,`permission_to_delete`,`permission_to_cancel`,`permission_to_print`,`permission_to_update`,`activity_id`,`company_id`,`role_id`,`user_id`) values (1425,NULL,NULL,NULL,NULL,'Y',NULL,NULL,NULL,NULL,NULL,NULL,80,NULL,3,NULL);
insert  into `fw_activity_role_binding`(`id`,`created_by`,`created_date_time`,`updated_by`,`updated_date_time`,`deleted`,`permission_to_approve`,`permission_to_create`,`permission_to_delete`,`permission_to_cancel`,`permission_to_print`,`permission_to_update`,`activity_id`,`company_id`,`role_id`,`user_id`) values (1426,NULL,NULL,NULL,NULL,'Y',NULL,NULL,NULL,NULL,NULL,NULL,81,NULL,3,NULL);
insert  into `fw_activity_role_binding`(`id`,`created_by`,`created_date_time`,`updated_by`,`updated_date_time`,`deleted`,`permission_to_approve`,`permission_to_create`,`permission_to_delete`,`permission_to_cancel`,`permission_to_print`,`permission_to_update`,`activity_id`,`company_id`,`role_id`,`user_id`) values (1427,NULL,NULL,NULL,NULL,'N',NULL,NULL,NULL,NULL,NULL,NULL,67,NULL,3,NULL);
insert  into `fw_activity_role_binding`(`id`,`created_by`,`created_date_time`,`updated_by`,`updated_date_time`,`deleted`,`permission_to_approve`,`permission_to_create`,`permission_to_delete`,`permission_to_cancel`,`permission_to_print`,`permission_to_update`,`activity_id`,`company_id`,`role_id`,`user_id`) values (1428,NULL,NULL,NULL,NULL,'N',NULL,NULL,NULL,NULL,NULL,NULL,68,NULL,3,NULL);
insert  into `fw_activity_role_binding`(`id`,`created_by`,`created_date_time`,`updated_by`,`updated_date_time`,`deleted`,`permission_to_approve`,`permission_to_create`,`permission_to_delete`,`permission_to_cancel`,`permission_to_print`,`permission_to_update`,`activity_id`,`company_id`,`role_id`,`user_id`) values (1429,NULL,NULL,NULL,NULL,'N',NULL,NULL,NULL,NULL,NULL,NULL,82,NULL,3,NULL);
insert  into `fw_activity_role_binding`(`id`,`created_by`,`created_date_time`,`updated_by`,`updated_date_time`,`deleted`,`permission_to_approve`,`permission_to_create`,`permission_to_delete`,`permission_to_cancel`,`permission_to_print`,`permission_to_update`,`activity_id`,`company_id`,`role_id`,`user_id`) values (1430,NULL,NULL,NULL,NULL,'N',NULL,NULL,NULL,NULL,NULL,NULL,83,NULL,3,NULL);
insert  into `fw_activity_role_binding`(`id`,`created_by`,`created_date_time`,`updated_by`,`updated_date_time`,`deleted`,`permission_to_approve`,`permission_to_create`,`permission_to_delete`,`permission_to_cancel`,`permission_to_print`,`permission_to_update`,`activity_id`,`company_id`,`role_id`,`user_id`) values (1431,NULL,NULL,NULL,NULL,'N',NULL,NULL,NULL,NULL,NULL,NULL,36,NULL,3,NULL);
insert  into `fw_activity_role_binding`(`id`,`created_by`,`created_date_time`,`updated_by`,`updated_date_time`,`deleted`,`permission_to_approve`,`permission_to_create`,`permission_to_delete`,`permission_to_cancel`,`permission_to_print`,`permission_to_update`,`activity_id`,`company_id`,`role_id`,`user_id`) values (1432,NULL,NULL,NULL,NULL,'N',NULL,NULL,NULL,NULL,NULL,NULL,37,NULL,3,NULL);
insert  into `fw_activity_role_binding`(`id`,`created_by`,`created_date_time`,`updated_by`,`updated_date_time`,`deleted`,`permission_to_approve`,`permission_to_create`,`permission_to_delete`,`permission_to_cancel`,`permission_to_print`,`permission_to_update`,`activity_id`,`company_id`,`role_id`,`user_id`) values (1433,NULL,NULL,NULL,NULL,'N',NULL,NULL,NULL,NULL,NULL,NULL,40,NULL,3,NULL);
insert  into `fw_activity_role_binding`(`id`,`created_by`,`created_date_time`,`updated_by`,`updated_date_time`,`deleted`,`permission_to_approve`,`permission_to_create`,`permission_to_delete`,`permission_to_cancel`,`permission_to_print`,`permission_to_update`,`activity_id`,`company_id`,`role_id`,`user_id`) values (1434,NULL,NULL,NULL,NULL,'N',NULL,NULL,NULL,NULL,NULL,NULL,41,NULL,3,NULL);
insert  into `fw_activity_role_binding`(`id`,`created_by`,`created_date_time`,`updated_by`,`updated_date_time`,`deleted`,`permission_to_approve`,`permission_to_create`,`permission_to_delete`,`permission_to_cancel`,`permission_to_print`,`permission_to_update`,`activity_id`,`company_id`,`role_id`,`user_id`) values (1435,NULL,NULL,NULL,NULL,'N',NULL,NULL,NULL,NULL,NULL,NULL,42,NULL,3,NULL);
insert  into `fw_activity_role_binding`(`id`,`created_by`,`created_date_time`,`updated_by`,`updated_date_time`,`deleted`,`permission_to_approve`,`permission_to_create`,`permission_to_delete`,`permission_to_cancel`,`permission_to_print`,`permission_to_update`,`activity_id`,`company_id`,`role_id`,`user_id`) values (1436,NULL,NULL,NULL,NULL,'N',NULL,NULL,NULL,NULL,NULL,NULL,43,NULL,3,NULL);
insert  into `fw_activity_role_binding`(`id`,`created_by`,`created_date_time`,`updated_by`,`updated_date_time`,`deleted`,`permission_to_approve`,`permission_to_create`,`permission_to_delete`,`permission_to_cancel`,`permission_to_print`,`permission_to_update`,`activity_id`,`company_id`,`role_id`,`user_id`) values (1437,NULL,NULL,NULL,NULL,'N',NULL,NULL,NULL,NULL,NULL,NULL,44,NULL,3,NULL);
insert  into `fw_activity_role_binding`(`id`,`created_by`,`created_date_time`,`updated_by`,`updated_date_time`,`deleted`,`permission_to_approve`,`permission_to_create`,`permission_to_delete`,`permission_to_cancel`,`permission_to_print`,`permission_to_update`,`activity_id`,`company_id`,`role_id`,`user_id`) values (1438,NULL,NULL,NULL,NULL,'N',NULL,NULL,NULL,NULL,NULL,NULL,45,NULL,3,NULL);
insert  into `fw_activity_role_binding`(`id`,`created_by`,`created_date_time`,`updated_by`,`updated_date_time`,`deleted`,`permission_to_approve`,`permission_to_create`,`permission_to_delete`,`permission_to_cancel`,`permission_to_print`,`permission_to_update`,`activity_id`,`company_id`,`role_id`,`user_id`) values (1439,NULL,NULL,NULL,NULL,'N',NULL,NULL,NULL,NULL,NULL,NULL,46,NULL,3,NULL);
insert  into `fw_activity_role_binding`(`id`,`created_by`,`created_date_time`,`updated_by`,`updated_date_time`,`deleted`,`permission_to_approve`,`permission_to_create`,`permission_to_delete`,`permission_to_cancel`,`permission_to_print`,`permission_to_update`,`activity_id`,`company_id`,`role_id`,`user_id`) values (1440,NULL,NULL,NULL,NULL,'N',NULL,NULL,NULL,NULL,NULL,NULL,47,NULL,3,NULL);
insert  into `fw_activity_role_binding`(`id`,`created_by`,`created_date_time`,`updated_by`,`updated_date_time`,`deleted`,`permission_to_approve`,`permission_to_create`,`permission_to_delete`,`permission_to_cancel`,`permission_to_print`,`permission_to_update`,`activity_id`,`company_id`,`role_id`,`user_id`) values (1441,NULL,NULL,NULL,NULL,'N',NULL,NULL,NULL,NULL,NULL,NULL,48,NULL,3,NULL);
insert  into `fw_activity_role_binding`(`id`,`created_by`,`created_date_time`,`updated_by`,`updated_date_time`,`deleted`,`permission_to_approve`,`permission_to_create`,`permission_to_delete`,`permission_to_cancel`,`permission_to_print`,`permission_to_update`,`activity_id`,`company_id`,`role_id`,`user_id`) values (1442,NULL,NULL,NULL,NULL,'N',NULL,NULL,NULL,NULL,NULL,NULL,49,NULL,3,NULL);
insert  into `fw_activity_role_binding`(`id`,`created_by`,`created_date_time`,`updated_by`,`updated_date_time`,`deleted`,`permission_to_approve`,`permission_to_create`,`permission_to_delete`,`permission_to_cancel`,`permission_to_print`,`permission_to_update`,`activity_id`,`company_id`,`role_id`,`user_id`) values (1443,NULL,NULL,NULL,NULL,'N',NULL,NULL,NULL,NULL,NULL,NULL,50,NULL,3,NULL);
insert  into `fw_activity_role_binding`(`id`,`created_by`,`created_date_time`,`updated_by`,`updated_date_time`,`deleted`,`permission_to_approve`,`permission_to_create`,`permission_to_delete`,`permission_to_cancel`,`permission_to_print`,`permission_to_update`,`activity_id`,`company_id`,`role_id`,`user_id`) values (1444,NULL,NULL,NULL,NULL,'N',NULL,NULL,NULL,NULL,NULL,NULL,51,NULL,3,NULL);
insert  into `fw_activity_role_binding`(`id`,`created_by`,`created_date_time`,`updated_by`,`updated_date_time`,`deleted`,`permission_to_approve`,`permission_to_create`,`permission_to_delete`,`permission_to_cancel`,`permission_to_print`,`permission_to_update`,`activity_id`,`company_id`,`role_id`,`user_id`) values (1445,NULL,NULL,NULL,NULL,'N',NULL,NULL,NULL,NULL,NULL,NULL,52,NULL,3,NULL);
insert  into `fw_activity_role_binding`(`id`,`created_by`,`created_date_time`,`updated_by`,`updated_date_time`,`deleted`,`permission_to_approve`,`permission_to_create`,`permission_to_delete`,`permission_to_cancel`,`permission_to_print`,`permission_to_update`,`activity_id`,`company_id`,`role_id`,`user_id`) values (1446,NULL,NULL,NULL,NULL,'N',NULL,NULL,NULL,NULL,NULL,NULL,53,NULL,3,NULL);
insert  into `fw_activity_role_binding`(`id`,`created_by`,`created_date_time`,`updated_by`,`updated_date_time`,`deleted`,`permission_to_approve`,`permission_to_create`,`permission_to_delete`,`permission_to_cancel`,`permission_to_print`,`permission_to_update`,`activity_id`,`company_id`,`role_id`,`user_id`) values (1447,NULL,NULL,NULL,NULL,'N',NULL,NULL,NULL,NULL,NULL,NULL,59,NULL,3,NULL);
insert  into `fw_activity_role_binding`(`id`,`created_by`,`created_date_time`,`updated_by`,`updated_date_time`,`deleted`,`permission_to_approve`,`permission_to_create`,`permission_to_delete`,`permission_to_cancel`,`permission_to_print`,`permission_to_update`,`activity_id`,`company_id`,`role_id`,`user_id`) values (1448,NULL,NULL,NULL,NULL,'N',NULL,NULL,NULL,NULL,NULL,NULL,85,NULL,3,NULL);
insert  into `fw_activity_role_binding`(`id`,`created_by`,`created_date_time`,`updated_by`,`updated_date_time`,`deleted`,`permission_to_approve`,`permission_to_create`,`permission_to_delete`,`permission_to_cancel`,`permission_to_print`,`permission_to_update`,`activity_id`,`company_id`,`role_id`,`user_id`) values (1449,NULL,NULL,NULL,NULL,'N',NULL,NULL,NULL,NULL,NULL,NULL,86,NULL,3,NULL);
insert  into `fw_activity_role_binding`(`id`,`created_by`,`created_date_time`,`updated_by`,`updated_date_time`,`deleted`,`permission_to_approve`,`permission_to_create`,`permission_to_delete`,`permission_to_cancel`,`permission_to_print`,`permission_to_update`,`activity_id`,`company_id`,`role_id`,`user_id`) values (1450,NULL,NULL,NULL,NULL,'N',NULL,NULL,NULL,NULL,NULL,NULL,87,NULL,3,NULL);
insert  into `fw_activity_role_binding`(`id`,`created_by`,`created_date_time`,`updated_by`,`updated_date_time`,`deleted`,`permission_to_approve`,`permission_to_create`,`permission_to_delete`,`permission_to_cancel`,`permission_to_print`,`permission_to_update`,`activity_id`,`company_id`,`role_id`,`user_id`) values (1451,NULL,NULL,NULL,NULL,'Y',NULL,NULL,NULL,NULL,NULL,NULL,88,NULL,3,NULL);
insert  into `fw_activity_role_binding`(`id`,`created_by`,`created_date_time`,`updated_by`,`updated_date_time`,`deleted`,`permission_to_approve`,`permission_to_create`,`permission_to_delete`,`permission_to_cancel`,`permission_to_print`,`permission_to_update`,`activity_id`,`company_id`,`role_id`,`user_id`) values (1452,NULL,NULL,NULL,NULL,'N',NULL,NULL,NULL,NULL,NULL,NULL,54,NULL,3,NULL);
insert  into `fw_activity_role_binding`(`id`,`created_by`,`created_date_time`,`updated_by`,`updated_date_time`,`deleted`,`permission_to_approve`,`permission_to_create`,`permission_to_delete`,`permission_to_cancel`,`permission_to_print`,`permission_to_update`,`activity_id`,`company_id`,`role_id`,`user_id`) values (1453,NULL,NULL,NULL,NULL,'N',NULL,NULL,NULL,NULL,NULL,NULL,55,NULL,3,NULL);
insert  into `fw_activity_role_binding`(`id`,`created_by`,`created_date_time`,`updated_by`,`updated_date_time`,`deleted`,`permission_to_approve`,`permission_to_create`,`permission_to_delete`,`permission_to_cancel`,`permission_to_print`,`permission_to_update`,`activity_id`,`company_id`,`role_id`,`user_id`) values (1454,NULL,NULL,NULL,NULL,'N',NULL,NULL,NULL,NULL,NULL,NULL,56,NULL,3,NULL);
insert  into `fw_activity_role_binding`(`id`,`created_by`,`created_date_time`,`updated_by`,`updated_date_time`,`deleted`,`permission_to_approve`,`permission_to_create`,`permission_to_delete`,`permission_to_cancel`,`permission_to_print`,`permission_to_update`,`activity_id`,`company_id`,`role_id`,`user_id`) values (1455,NULL,NULL,NULL,NULL,'N',NULL,NULL,NULL,NULL,NULL,NULL,71,NULL,3,NULL);
insert  into `fw_activity_role_binding`(`id`,`created_by`,`created_date_time`,`updated_by`,`updated_date_time`,`deleted`,`permission_to_approve`,`permission_to_create`,`permission_to_delete`,`permission_to_cancel`,`permission_to_print`,`permission_to_update`,`activity_id`,`company_id`,`role_id`,`user_id`) values (1456,NULL,NULL,NULL,NULL,'N',NULL,NULL,NULL,NULL,NULL,NULL,89,NULL,3,NULL);
insert  into `fw_activity_role_binding`(`id`,`created_by`,`created_date_time`,`updated_by`,`updated_date_time`,`deleted`,`permission_to_approve`,`permission_to_create`,`permission_to_delete`,`permission_to_cancel`,`permission_to_print`,`permission_to_update`,`activity_id`,`company_id`,`role_id`,`user_id`) values (1457,NULL,NULL,NULL,NULL,'N',NULL,NULL,NULL,NULL,NULL,NULL,90,NULL,3,NULL);
insert  into `fw_activity_role_binding`(`id`,`created_by`,`created_date_time`,`updated_by`,`updated_date_time`,`deleted`,`permission_to_approve`,`permission_to_create`,`permission_to_delete`,`permission_to_cancel`,`permission_to_print`,`permission_to_update`,`activity_id`,`company_id`,`role_id`,`user_id`) values (1458,NULL,NULL,NULL,NULL,'N',NULL,NULL,NULL,NULL,NULL,NULL,91,NULL,3,NULL);
insert  into `fw_activity_role_binding`(`id`,`created_by`,`created_date_time`,`updated_by`,`updated_date_time`,`deleted`,`permission_to_approve`,`permission_to_create`,`permission_to_delete`,`permission_to_cancel`,`permission_to_print`,`permission_to_update`,`activity_id`,`company_id`,`role_id`,`user_id`) values (1459,NULL,NULL,NULL,NULL,'N',NULL,NULL,NULL,NULL,NULL,NULL,92,NULL,3,NULL);
insert  into `fw_activity_role_binding`(`id`,`created_by`,`created_date_time`,`updated_by`,`updated_date_time`,`deleted`,`permission_to_approve`,`permission_to_create`,`permission_to_delete`,`permission_to_cancel`,`permission_to_print`,`permission_to_update`,`activity_id`,`company_id`,`role_id`,`user_id`) values (1460,NULL,NULL,NULL,NULL,'N',NULL,NULL,NULL,NULL,NULL,NULL,2,NULL,3,NULL);
insert  into `fw_activity_role_binding`(`id`,`created_by`,`created_date_time`,`updated_by`,`updated_date_time`,`deleted`,`permission_to_approve`,`permission_to_create`,`permission_to_delete`,`permission_to_cancel`,`permission_to_print`,`permission_to_update`,`activity_id`,`company_id`,`role_id`,`user_id`) values (1461,NULL,NULL,NULL,NULL,'N',NULL,NULL,NULL,NULL,NULL,NULL,93,NULL,3,NULL);
insert  into `fw_activity_role_binding`(`id`,`created_by`,`created_date_time`,`updated_by`,`updated_date_time`,`deleted`,`permission_to_approve`,`permission_to_create`,`permission_to_delete`,`permission_to_cancel`,`permission_to_print`,`permission_to_update`,`activity_id`,`company_id`,`role_id`,`user_id`) values (1462,NULL,NULL,NULL,NULL,'N',NULL,NULL,NULL,NULL,NULL,NULL,94,NULL,3,NULL);
insert  into `fw_activity_role_binding`(`id`,`created_by`,`created_date_time`,`updated_by`,`updated_date_time`,`deleted`,`permission_to_approve`,`permission_to_create`,`permission_to_delete`,`permission_to_cancel`,`permission_to_print`,`permission_to_update`,`activity_id`,`company_id`,`role_id`,`user_id`) values (1463,NULL,NULL,NULL,NULL,'N',NULL,NULL,NULL,NULL,NULL,NULL,95,NULL,3,NULL);
insert  into `fw_activity_role_binding`(`id`,`created_by`,`created_date_time`,`updated_by`,`updated_date_time`,`deleted`,`permission_to_approve`,`permission_to_create`,`permission_to_delete`,`permission_to_cancel`,`permission_to_print`,`permission_to_update`,`activity_id`,`company_id`,`role_id`,`user_id`) values (1464,NULL,NULL,NULL,NULL,'N',NULL,NULL,NULL,NULL,NULL,NULL,96,NULL,3,NULL);
insert  into `fw_activity_role_binding`(`id`,`created_by`,`created_date_time`,`updated_by`,`updated_date_time`,`deleted`,`permission_to_approve`,`permission_to_create`,`permission_to_delete`,`permission_to_cancel`,`permission_to_print`,`permission_to_update`,`activity_id`,`company_id`,`role_id`,`user_id`) values (1465,NULL,NULL,NULL,NULL,'Y',NULL,NULL,NULL,NULL,NULL,NULL,97,NULL,3,NULL);
insert  into `fw_activity_role_binding`(`id`,`created_by`,`created_date_time`,`updated_by`,`updated_date_time`,`deleted`,`permission_to_approve`,`permission_to_create`,`permission_to_delete`,`permission_to_cancel`,`permission_to_print`,`permission_to_update`,`activity_id`,`company_id`,`role_id`,`user_id`) values (1466,NULL,NULL,NULL,NULL,'Y',NULL,NULL,NULL,NULL,NULL,NULL,98,NULL,3,NULL);
insert  into `fw_activity_role_binding`(`id`,`created_by`,`created_date_time`,`updated_by`,`updated_date_time`,`deleted`,`permission_to_approve`,`permission_to_create`,`permission_to_delete`,`permission_to_cancel`,`permission_to_print`,`permission_to_update`,`activity_id`,`company_id`,`role_id`,`user_id`) values (1467,NULL,NULL,NULL,NULL,'Y',NULL,NULL,NULL,NULL,NULL,NULL,99,NULL,3,NULL);
insert  into `fw_activity_role_binding`(`id`,`created_by`,`created_date_time`,`updated_by`,`updated_date_time`,`deleted`,`permission_to_approve`,`permission_to_create`,`permission_to_delete`,`permission_to_cancel`,`permission_to_print`,`permission_to_update`,`activity_id`,`company_id`,`role_id`,`user_id`) values (1468,NULL,NULL,NULL,NULL,'N',NULL,1,NULL,NULL,NULL,NULL,100,NULL,1,NULL);
insert  into `fw_activity_role_binding`(`id`,`created_by`,`created_date_time`,`updated_by`,`updated_date_time`,`deleted`,`permission_to_approve`,`permission_to_create`,`permission_to_delete`,`permission_to_cancel`,`permission_to_print`,`permission_to_update`,`activity_id`,`company_id`,`role_id`,`user_id`) values (1469,NULL,NULL,NULL,NULL,'N',NULL,1,NULL,NULL,NULL,NULL,101,NULL,1,NULL);
insert  into `fw_activity_role_binding`(`id`,`created_by`,`created_date_time`,`updated_by`,`updated_date_time`,`deleted`,`permission_to_approve`,`permission_to_create`,`permission_to_delete`,`permission_to_cancel`,`permission_to_print`,`permission_to_update`,`activity_id`,`company_id`,`role_id`,`user_id`) values (1470,NULL,NULL,NULL,NULL,'N',NULL,1,NULL,NULL,NULL,NULL,100,NULL,3,NULL);
insert  into `fw_activity_role_binding`(`id`,`created_by`,`created_date_time`,`updated_by`,`updated_date_time`,`deleted`,`permission_to_approve`,`permission_to_create`,`permission_to_delete`,`permission_to_cancel`,`permission_to_print`,`permission_to_update`,`activity_id`,`company_id`,`role_id`,`user_id`) values (1471,NULL,NULL,NULL,NULL,'N',NULL,1,NULL,NULL,NULL,NULL,101,NULL,3,NULL);
insert  into `fw_activity_role_binding`(`id`,`created_by`,`created_date_time`,`updated_by`,`updated_date_time`,`deleted`,`permission_to_approve`,`permission_to_create`,`permission_to_delete`,`permission_to_cancel`,`permission_to_print`,`permission_to_update`,`activity_id`,`company_id`,`role_id`,`user_id`) values (1472,NULL,NULL,NULL,NULL,'Y',NULL,1,NULL,NULL,NULL,NULL,102,NULL,1,NULL);
insert  into `fw_activity_role_binding`(`id`,`created_by`,`created_date_time`,`updated_by`,`updated_date_time`,`deleted`,`permission_to_approve`,`permission_to_create`,`permission_to_delete`,`permission_to_cancel`,`permission_to_print`,`permission_to_update`,`activity_id`,`company_id`,`role_id`,`user_id`) values (1473,NULL,NULL,NULL,NULL,'Y',NULL,1,NULL,NULL,NULL,NULL,102,NULL,3,NULL);
INSERT  INTO `fw_activity_role_binding`(`created_by`,`created_date_time`,`updated_by`,`updated_date_time`,`deleted`,`permission_to_approve`,`permission_to_create`,`permission_to_delete`,`permission_to_cancel`,`permission_to_print`,`permission_to_update`,`activity_id`,`company_id`,`role_id`,`user_id`) VALUES (NULL,NULL,NULL,NULL,'N',NULL,1,NULL,NULL,NULL,NULL,111,NULL,1,NULL);
INSERT  INTO `fw_activity_role_binding`(`created_by`,`created_date_time`,`updated_by`,`updated_date_time`,`deleted`,`permission_to_approve`,`permission_to_create`,`permission_to_delete`,`permission_to_cancel`,`permission_to_print`,`permission_to_update`,`activity_id`,`company_id`,`role_id`,`user_id`) VALUES (NULL,NULL,NULL,NULL,'N',NULL,1,NULL,NULL,NULL,NULL,111,NULL,3,NULL);
INSERT  INTO `fw_activity_role_binding`(`created_by`,`created_date_time`,`updated_by`,`updated_date_time`,`deleted`,`permission_to_approve`,`permission_to_create`,`permission_to_delete`,`permission_to_cancel`,`permission_to_print`,`permission_to_update`,`activity_id`,`company_id`,`role_id`,`user_id`) VALUES (NULL,NULL,NULL,NULL,'N',NULL,1,NULL,NULL,NULL,NULL,112,NULL,1,NULL);
INSERT  INTO `fw_activity_role_binding`(`created_by`,`created_date_time`,`updated_by`,`updated_date_time`,`deleted`,`permission_to_approve`,`permission_to_create`,`permission_to_delete`,`permission_to_cancel`,`permission_to_print`,`permission_to_update`,`activity_id`,`company_id`,`role_id`,`user_id`) VALUES (NULL,NULL,NULL,NULL,'N',NULL,1,NULL,NULL,NULL,NULL,112,NULL,3,NULL);
INSERT  INTO `fw_activity_role_binding`(`created_by`,`created_date_time`,`updated_by`,`updated_date_time`,`deleted`,`permission_to_approve`,`permission_to_create`,`permission_to_delete`,`permission_to_cancel`,`permission_to_print`,`permission_to_update`,`activity_id`,`company_id`,`role_id`,`user_id`) VALUES (NULL,NULL,NULL,NULL,'N',NULL,1,NULL,NULL,NULL,NULL,113,NULL,1,NULL);
INSERT  INTO `fw_activity_role_binding`(`created_by`,`created_date_time`,`updated_by`,`updated_date_time`,`deleted`,`permission_to_approve`,`permission_to_create`,`permission_to_delete`,`permission_to_cancel`,`permission_to_print`,`permission_to_update`,`activity_id`,`company_id`,`role_id`,`user_id`) VALUES (NULL,NULL,NULL,NULL,'N',NULL,1,NULL,NULL,NULL,NULL,113,NULL,3,NULL);
INSERT  INTO `fw_activity_role_binding`(`created_by`,`created_date_time`,`updated_by`,`updated_date_time`,`deleted`,`permission_to_approve`,`permission_to_create`,`permission_to_delete`,`permission_to_cancel`,`permission_to_print`,`permission_to_update`,`activity_id`,`company_id`,`role_id`,`user_id`) VALUES (NULL,NULL,NULL,NULL,'N',NULL,1,NULL,NULL,NULL,NULL,114,NULL,1,NULL);
INSERT  INTO `fw_activity_role_binding`(`created_by`,`created_date_time`,`updated_by`,`updated_date_time`,`deleted`,`permission_to_approve`,`permission_to_create`,`permission_to_delete`,`permission_to_cancel`,`permission_to_print`,`permission_to_update`,`activity_id`,`company_id`,`role_id`,`user_id`) VALUES (NULL,NULL,NULL,NULL,'N',NULL,1,NULL,NULL,NULL,NULL,114,NULL,3,NULL);
INSERT  INTO `fw_activity_role_binding`(`created_by`,`created_date_time`,`updated_by`,`updated_date_time`,`deleted`,`permission_to_approve`,`permission_to_create`,`permission_to_delete`,`permission_to_cancel`,`permission_to_print`,`permission_to_update`,`activity_id`,`company_id`,`role_id`,`user_id`) VALUES (NULL,NULL,NULL,NULL,'N',NULL,1,NULL,NULL,NULL,NULL,115,NULL,1,NULL);
INSERT  INTO `fw_activity_role_binding`(`created_by`,`created_date_time`,`updated_by`,`updated_date_time`,`deleted`,`permission_to_approve`,`permission_to_create`,`permission_to_delete`,`permission_to_cancel`,`permission_to_print`,`permission_to_update`,`activity_id`,`company_id`,`role_id`,`user_id`) VALUES (NULL,NULL,NULL,NULL,'N',NULL,1,NULL,NULL,NULL,NULL,115,NULL,3,NULL);

INSERT  INTO `fw_activity_role_binding`(`created_by`,`created_date_time`,`updated_by`,`updated_date_time`,`deleted`,`permission_to_approve`,`permission_to_create`,`permission_to_delete`,`permission_to_cancel`,`permission_to_print`,`permission_to_update`,`activity_id`,`company_id`,`role_id`,`user_id`) VALUES (NULL,NULL,NULL,NULL,'N',NULL,1,NULL,NULL,NULL,NULL,118,NULL,1,NULL);
INSERT  INTO `fw_activity_role_binding`(`created_by`,`created_date_time`,`updated_by`,`updated_date_time`,`deleted`,`permission_to_approve`,`permission_to_create`,`permission_to_delete`,`permission_to_cancel`,`permission_to_print`,`permission_to_update`,`activity_id`,`company_id`,`role_id`,`user_id`) VALUES (NULL,NULL,NULL,NULL,'N',NULL,1,NULL,NULL,NULL,NULL,118,NULL,3,NULL);
INSERT  INTO `fw_activity_role_binding`(`created_by`,`created_date_time`,`updated_by`,`updated_date_time`,`deleted`,`permission_to_approve`,`permission_to_create`,`permission_to_delete`,`permission_to_cancel`,`permission_to_print`,`permission_to_update`,`activity_id`,`company_id`,`role_id`,`user_id`) VALUES (NULL,NULL,NULL,NULL,'Y',NULL,1,NULL,NULL,NULL,NULL,119,NULL,1,NULL);
INSERT  INTO `fw_activity_role_binding`(`created_by`,`created_date_time`,`updated_by`,`updated_date_time`,`deleted`,`permission_to_approve`,`permission_to_create`,`permission_to_delete`,`permission_to_cancel`,`permission_to_print`,`permission_to_update`,`activity_id`,`company_id`,`role_id`,`user_id`) VALUES (NULL,NULL,NULL,NULL,'Y',NULL,1,NULL,NULL,NULL,NULL,119,NULL,3,NULL);
--INSERT  INTO `fw_activity_role_binding`(`created_by`,`created_date_time`,`updated_by`,`updated_date_time`,`deleted`,`permission_to_approve`,`permission_to_create`,`permission_to_delete`,`permission_to_cancel`,`permission_to_print`,`permission_to_update`,`activity_id`,`company_id`,`role_id`,`user_id`) VALUES (NULL,NULL,NULL,NULL,'N',NULL,1,1,1,NULL,1,120,NULL,1,NULL);
--INSERT  INTO `fw_activity_role_binding`(`created_by`,`created_date_time`,`updated_by`,`updated_date_time`,`deleted`,`permission_to_approve`,`permission_to_create`,`permission_to_delete`,`permission_to_cancel`,`permission_to_print`,`permission_to_update`,`activity_id`,`company_id`,`role_id`,`user_id`) VALUES (NULL,NULL,NULL,NULL,'N',NULL,1,1,1,NULL,1,120,NULL,3,NULL);

INSERT  INTO `fw_activity_role_binding`(`created_by`,`created_date_time`,`updated_by`,`updated_date_time`,`deleted`,`permission_to_approve`,`permission_to_create`,`permission_to_delete`,`permission_to_cancel`,`permission_to_print`,`permission_to_update`,`activity_id`,`company_id`,`role_id`,`user_id`) VALUES (NULL,NULL,NULL,NULL,'N',NULL,1,1,1,NULL,1,121,NULL,1,NULL);
INSERT  INTO `fw_activity_role_binding`(`created_by`,`created_date_time`,`updated_by`,`updated_date_time`,`deleted`,`permission_to_approve`,`permission_to_create`,`permission_to_delete`,`permission_to_cancel`,`permission_to_print`,`permission_to_update`,`activity_id`,`company_id`,`role_id`,`user_id`) VALUES (NULL,NULL,NULL,NULL,'N',NULL,1,1,1,NULL,1,121,NULL,3,NULL);
INSERT  INTO `fw_activity_role_binding`(`created_by`,`created_date_time`,`updated_by`,`updated_date_time`,`deleted`,`permission_to_approve`,`permission_to_create`,`permission_to_delete`,`permission_to_cancel`,`permission_to_print`,`permission_to_update`,`activity_id`,`company_id`,`role_id`,`user_id`) VALUES (NULL,NULL,NULL,NULL,'N',NULL,1,1,1,NULL,1,122,NULL,1,NULL);
INSERT  INTO `fw_activity_role_binding`(`created_by`,`created_date_time`,`updated_by`,`updated_date_time`,`deleted`,`permission_to_approve`,`permission_to_create`,`permission_to_delete`,`permission_to_cancel`,`permission_to_print`,`permission_to_update`,`activity_id`,`company_id`,`role_id`,`user_id`) VALUES (NULL,NULL,NULL,NULL,'N',NULL,1,1,1,NULL,1,122,NULL,3,NULL);

INSERT  INTO `fw_activity_role_binding`(`created_by`,`created_date_time`,`updated_by`,`updated_date_time`,`deleted`,`permission_to_approve`,`permission_to_create`,`permission_to_delete`,`permission_to_cancel`,`permission_to_print`,`permission_to_update`,`activity_id`,`company_id`,`role_id`,`user_id`) VALUES (NULL,NULL,NULL,NULL,'N',NULL,1,1,1,NULL,1,123,NULL,1,NULL);
INSERT  INTO `fw_activity_role_binding`(`created_by`,`created_date_time`,`updated_by`,`updated_date_time`,`deleted`,`permission_to_approve`,`permission_to_create`,`permission_to_delete`,`permission_to_cancel`,`permission_to_print`,`permission_to_update`,`activity_id`,`company_id`,`role_id`,`user_id`) VALUES (NULL,NULL,NULL,NULL,'N',NULL,1,1,1,NULL,1,123,NULL,3,NULL);
INSERT  INTO `fw_activity_role_binding`(`created_by`,`created_date_time`,`updated_by`,`updated_date_time`,`deleted`,`permission_to_approve`,`permission_to_create`,`permission_to_delete`,`permission_to_cancel`,`permission_to_print`,`permission_to_update`,`activity_id`,`company_id`,`role_id`,`user_id`) VALUES (NULL,NULL,NULL,NULL,'N',NULL,1,1,1,NULL,1,124,NULL,1,NULL);
INSERT  INTO `fw_activity_role_binding`(`created_by`,`created_date_time`,`updated_by`,`updated_date_time`,`deleted`,`permission_to_approve`,`permission_to_create`,`permission_to_delete`,`permission_to_cancel`,`permission_to_print`,`permission_to_update`,`activity_id`,`company_id`,`role_id`,`user_id`) VALUES (NULL,NULL,NULL,NULL,'N',NULL,1,1,1,NULL,1,124,NULL,3,NULL);
INSERT  INTO `fw_activity_role_binding`(`created_by`,`created_date_time`,`updated_by`,`updated_date_time`,`deleted`,`permission_to_approve`,`permission_to_create`,`permission_to_delete`,`permission_to_cancel`,`permission_to_print`,`permission_to_update`,`activity_id`,`company_id`,`role_id`,`user_id`) VALUES (NULL,NULL,NULL,NULL,'N',NULL,1,1,1,NULL,1,125,NULL,1,NULL);
INSERT  INTO `fw_activity_role_binding`(`created_by`,`created_date_time`,`updated_by`,`updated_date_time`,`deleted`,`permission_to_approve`,`permission_to_create`,`permission_to_delete`,`permission_to_cancel`,`permission_to_print`,`permission_to_update`,`activity_id`,`company_id`,`role_id`,`user_id`) VALUES (NULL,NULL,NULL,NULL,'N',NULL,1,1,1,NULL,1,125,NULL,3,NULL);
INSERT  INTO `fw_activity_role_binding`(`created_by`,`created_date_time`,`updated_by`,`updated_date_time`,`deleted`,`permission_to_approve`,`permission_to_create`,`permission_to_delete`,`permission_to_cancel`,`permission_to_print`,`permission_to_update`,`activity_id`,`company_id`,`role_id`,`user_id`) VALUES (NULL,NULL,NULL,NULL,'N',NULL,1,1,1,NULL,1,126,NULL,1,NULL);
INSERT  INTO `fw_activity_role_binding`(`created_by`,`created_date_time`,`updated_by`,`updated_date_time`,`deleted`,`permission_to_approve`,`permission_to_create`,`permission_to_delete`,`permission_to_cancel`,`permission_to_print`,`permission_to_update`,`activity_id`,`company_id`,`role_id`,`user_id`) VALUES (NULL,NULL,NULL,NULL,'N',NULL,1,1,1,NULL,1,126,NULL,3,NULL);
INSERT  INTO `fw_activity_role_binding`(`created_by`,`created_date_time`,`updated_by`,`updated_date_time`,`deleted`,`permission_to_approve`,`permission_to_create`,`permission_to_delete`,`permission_to_cancel`,`permission_to_print`,`permission_to_update`,`activity_id`,`company_id`,`role_id`,`user_id`) VALUES (NULL,NULL,NULL,NULL,'N',NULL,1,1,1,NULL,1,127,NULL,1,NULL);
INSERT  INTO `fw_activity_role_binding`(`created_by`,`created_date_time`,`updated_by`,`updated_date_time`,`deleted`,`permission_to_approve`,`permission_to_create`,`permission_to_delete`,`permission_to_cancel`,`permission_to_print`,`permission_to_update`,`activity_id`,`company_id`,`role_id`,`user_id`) VALUES (NULL,NULL,NULL,NULL,'N',NULL,1,1,1,NULL,1,127,NULL,3,NULL);
INSERT  INTO `fw_activity_role_binding`(`created_by`,`created_date_time`,`updated_by`,`updated_date_time`,`deleted`,`permission_to_approve`,`permission_to_create`,`permission_to_delete`,`permission_to_cancel`,`permission_to_print`,`permission_to_update`,`activity_id`,`company_id`,`role_id`,`user_id`) VALUES (NULL,NULL,NULL,NULL,'Y',NULL,1,1,1,NULL,1,128,NULL,1,NULL);
INSERT  INTO `fw_activity_role_binding`(`created_by`,`created_date_time`,`updated_by`,`updated_date_time`,`deleted`,`permission_to_approve`,`permission_to_create`,`permission_to_delete`,`permission_to_cancel`,`permission_to_print`,`permission_to_update`,`activity_id`,`company_id`,`role_id`,`user_id`) VALUES (NULL,NULL,NULL,NULL,'Y',NULL,1,1,1,NULL,1,128,NULL,3,NULL);

INSERT  INTO `fw_activity_role_binding`(`created_by`,`created_date_time`,`updated_by`,`updated_date_time`,`deleted`,`permission_to_approve`,`permission_to_create`,`permission_to_delete`,`permission_to_cancel`,`permission_to_print`,`permission_to_update`,`activity_id`,`company_id`,`role_id`,`user_id`) VALUES (NULL,NULL,NULL,NULL,'N',NULL,1,1,0,NULL,1,129,NULL,1,NULL);
INSERT  INTO `fw_activity_role_binding`(`created_by`,`created_date_time`,`updated_by`,`updated_date_time`,`deleted`,`permission_to_approve`,`permission_to_create`,`permission_to_delete`,`permission_to_cancel`,`permission_to_print`,`permission_to_update`,`activity_id`,`company_id`,`role_id`,`user_id`) VALUES (NULL,NULL,NULL,NULL,'N',NULL,1,1,0,NULL,1,129,NULL,3,NULL);
INSERT  INTO `fw_activity_role_binding`(`created_by`,`created_date_time`,`updated_by`,`updated_date_time`,`deleted`,`permission_to_approve`,`permission_to_create`,`permission_to_delete`,`permission_to_cancel`,`permission_to_print`,`permission_to_update`,`activity_id`,`company_id`,`role_id`,`user_id`) VALUES (NULL,NULL,NULL,NULL,'N',NULL,1,1,0,NULL,1,130,NULL,1,NULL);
INSERT  INTO `fw_activity_role_binding`(`created_by`,`created_date_time`,`updated_by`,`updated_date_time`,`deleted`,`permission_to_approve`,`permission_to_create`,`permission_to_delete`,`permission_to_cancel`,`permission_to_print`,`permission_to_update`,`activity_id`,`company_id`,`role_id`,`user_id`) VALUES (NULL,NULL,NULL,NULL,'N',NULL,1,1,0,NULL,1,130,NULL,3,NULL);




insert  into `fw_status_based_permission`(`id`,`created_by`,`created_date_time`,`updated_by`,`updated_date_time`,`deleted`,`permission_to_approve`,`permission_to_cancel`,`permission_to_create`,`permission_to_delete`,`permission_to_print`,`permission_to_update`,`permission_to_draft`,`status_id`) values (3,NULL,NULL,NULL,NULL,'N',1,1,1,1,1,1,0,2);
insert  into `fw_status_based_permission`(`id`,`created_by`,`created_date_time`,`updated_by`,`updated_date_time`,`deleted`,`permission_to_approve`,`permission_to_cancel`,`permission_to_create`,`permission_to_delete`,`permission_to_print`,`permission_to_update`,`permission_to_draft`,`status_id`) values (4,NULL,NULL,NULL,NULL,'N',1,1,1,1,1,1,0,3);
insert  into `fw_status_based_permission`(`id`,`created_by`,`created_date_time`,`updated_by`,`updated_date_time`,`deleted`,`permission_to_approve`,`permission_to_cancel`,`permission_to_create`,`permission_to_delete`,`permission_to_print`,`permission_to_update`,`permission_to_draft`,`status_id`) values (5,NULL,NULL,NULL,NULL,'N',1,0,0,1,1,0,0,4);
insert  into `fw_status_based_permission`(`id`,`created_by`,`created_date_time`,`updated_by`,`updated_date_time`,`deleted`,`permission_to_approve`,`permission_to_cancel`,`permission_to_create`,`permission_to_delete`,`permission_to_print`,`permission_to_update`,`permission_to_draft`,`status_id`) values (6,NULL,NULL,NULL,NULL,'N',1,0,0,0,1,0,0,5);
insert  into `fw_status_based_permission`(`id`,`created_by`,`created_date_time`,`updated_by`,`updated_date_time`,`deleted`,`permission_to_approve`,`permission_to_cancel`,`permission_to_create`,`permission_to_delete`,`permission_to_print`,`permission_to_update`,`permission_to_draft`,`status_id`) values (7,NULL,NULL,NULL,NULL,'N',1,0,0,0,1,0,0,6);
insert  into `fw_status_based_permission`(`id`,`created_by`,`created_date_time`,`updated_by`,`updated_date_time`,`deleted`,`permission_to_approve`,`permission_to_cancel`,`permission_to_create`,`permission_to_delete`,`permission_to_print`,`permission_to_update`,`permission_to_draft`,`status_id`) values (8,NULL,NULL,NULL,NULL,'N',1,0,0,0,0,0,0,7);
insert  into `fw_status_based_permission`(`id`,`created_by`,`created_date_time`,`updated_by`,`updated_date_time`,`deleted`,`permission_to_approve`,`permission_to_cancel`,`permission_to_create`,`permission_to_delete`,`permission_to_print`,`permission_to_update`,`permission_to_draft`,`status_id`) values (9,NULL,NULL,NULL,NULL,'N',1,0,1,1,1,1,0,8);
insert  into `fw_status_based_permission`(`id`,`created_by`,`created_date_time`,`updated_by`,`updated_date_time`,`deleted`,`permission_to_approve`,`permission_to_cancel`,`permission_to_create`,`permission_to_delete`,`permission_to_print`,`permission_to_update`,`permission_to_draft`,`status_id`) values (10,NULL,NULL,NULL,NULL,'N',1,0,0,0,1,0,0,9);
insert  into `fw_status_based_permission`(`id`,`created_by`,`created_date_time`,`updated_by`,`updated_date_time`,`deleted`,`permission_to_approve`,`permission_to_cancel`,`permission_to_create`,`permission_to_delete`,`permission_to_print`,`permission_to_update`,`permission_to_draft`,`status_id`) values (11,NULL,NULL,NULL,NULL,'N',1,0,0,0,1,0,0,10);
insert  into `fw_status_based_permission`(`id`,`created_by`,`created_date_time`,`updated_by`,`updated_date_time`,`deleted`,`permission_to_approve`,`permission_to_cancel`,`permission_to_create`,`permission_to_delete`,`permission_to_print`,`permission_to_update`,`permission_to_draft`,`status_id`) values (12,NULL,NULL,NULL,NULL,'N',1,0,0,0,1,0,0,11);
insert  into `fw_status_based_permission`(`id`,`created_by`,`created_date_time`,`updated_by`,`updated_date_time`,`deleted`,`permission_to_approve`,`permission_to_cancel`,`permission_to_create`,`permission_to_delete`,`permission_to_print`,`permission_to_update`,`permission_to_draft`,`status_id`) values (13,NULL,NULL,NULL,NULL,'N',0,0,0,0,1,0,0,12);
insert  into `fw_status_based_permission`(`id`,`created_by`,`created_date_time`,`updated_by`,`updated_date_time`,`deleted`,`permission_to_approve`,`permission_to_cancel`,`permission_to_create`,`permission_to_delete`,`permission_to_print`,`permission_to_update`,`permission_to_draft`,`status_id`) values (14,NULL,NULL,NULL,NULL,'N',1,0,0,0,0,0,0,13);
insert  into `fw_status_based_permission`(`id`,`created_by`,`created_date_time`,`updated_by`,`updated_date_time`,`deleted`,`permission_to_approve`,`permission_to_cancel`,`permission_to_create`,`permission_to_delete`,`permission_to_print`,`permission_to_update`,`permission_to_draft`,`status_id`) values (15,NULL,NULL,NULL,NULL,'N',1,1,1,1,1,1,1,14);
insert  into `fw_status_based_permission`(`id`,`created_by`,`created_date_time`,`updated_by`,`updated_date_time`,`deleted`,`permission_to_approve`,`permission_to_cancel`,`permission_to_create`,`permission_to_delete`,`permission_to_print`,`permission_to_update`,`permission_to_draft`,`status_id`) values (16,NULL,NULL,NULL,NULL,'N',1,1,1,1,1,1,1,15);
insert  into `fw_status_based_permission`(`id`,`created_by`,`created_date_time`,`updated_by`,`updated_date_time`,`deleted`,`permission_to_approve`,`permission_to_cancel`,`permission_to_create`,`permission_to_delete`,`permission_to_print`,`permission_to_update`,`permission_to_draft`,`status_id`) values (17,NULL,NULL,NULL,NULL,'N',1,0,0,0,0,0,0,16);
insert  into `fw_status_based_permission`(`id`,`created_by`,`created_date_time`,`updated_by`,`updated_date_time`,`deleted`,`permission_to_approve`,`permission_to_cancel`,`permission_to_create`,`permission_to_delete`,`permission_to_print`,`permission_to_update`,`permission_to_draft`,`status_id`) values (18,NULL,NULL,NULL,NULL,'N',1,0,0,0,1,0,0,17);
insert  into `fw_status_based_permission`(`id`,`created_by`,`created_date_time`,`updated_by`,`updated_date_time`,`deleted`,`permission_to_approve`,`permission_to_cancel`,`permission_to_create`,`permission_to_delete`,`permission_to_print`,`permission_to_update`,`permission_to_draft`,`status_id`) values (19,NULL,NULL,NULL,NULL,'N',1,0,0,0,1,0,0,18);
insert  into `fw_status_based_permission`(`id`,`created_by`,`created_date_time`,`updated_by`,`updated_date_time`,`deleted`,`permission_to_approve`,`permission_to_cancel`,`permission_to_create`,`permission_to_delete`,`permission_to_print`,`permission_to_update`,`permission_to_draft`,`status_id`) values (20,NULL,NULL,NULL,NULL,'N',1,0,0,0,0,0,0,19);
insert  into `fw_status_based_permission`(`id`,`created_by`,`created_date_time`,`updated_by`,`updated_date_time`,`deleted`,`permission_to_approve`,`permission_to_cancel`,`permission_to_create`,`permission_to_delete`,`permission_to_print`,`permission_to_update`,`permission_to_draft`,`status_id`) values (21,NULL,NULL,NULL,NULL,'N',1,1,1,1,1,1,1,20);
insert  into `fw_status_based_permission`(`id`,`created_by`,`created_date_time`,`updated_by`,`updated_date_time`,`deleted`,`permission_to_approve`,`permission_to_cancel`,`permission_to_create`,`permission_to_delete`,`permission_to_print`,`permission_to_update`,`permission_to_draft`,`status_id`) values (22,NULL,NULL,NULL,NULL,'N',1,1,1,1,1,1,1,21);
insert  into `fw_status_based_permission`(`id`,`created_by`,`created_date_time`,`updated_by`,`updated_date_time`,`deleted`,`permission_to_approve`,`permission_to_cancel`,`permission_to_create`,`permission_to_delete`,`permission_to_print`,`permission_to_update`,`permission_to_draft`,`status_id`) values (23,NULL,NULL,NULL,NULL,'N',1,1,1,1,1,1,0,22);
insert  into `fw_status_based_permission`(`id`,`created_by`,`created_date_time`,`updated_by`,`updated_date_time`,`deleted`,`permission_to_approve`,`permission_to_cancel`,`permission_to_create`,`permission_to_delete`,`permission_to_print`,`permission_to_update`,`permission_to_draft`,`status_id`) values (24,NULL,NULL,NULL,NULL,'N',1,0,0,0,1,0,0,23);
insert  into `fw_status_based_permission`(`id`,`created_by`,`created_date_time`,`updated_by`,`updated_date_time`,`deleted`,`permission_to_approve`,`permission_to_cancel`,`permission_to_create`,`permission_to_delete`,`permission_to_print`,`permission_to_update`,`permission_to_draft`,`status_id`) values (25,NULL,NULL,NULL,NULL,'N',1,0,0,0,1,0,0,24);
insert  into `fw_status_based_permission`(`id`,`created_by`,`created_date_time`,`updated_by`,`updated_date_time`,`deleted`,`permission_to_approve`,`permission_to_cancel`,`permission_to_create`,`permission_to_delete`,`permission_to_print`,`permission_to_update`,`permission_to_draft`,`status_id`) values (26,NULL,NULL,NULL,NULL,'N',1,0,0,0,0,0,0,25);
insert  into `fw_status_based_permission`(`id`,`created_by`,`created_date_time`,`updated_by`,`updated_date_time`,`deleted`,`permission_to_approve`,`permission_to_cancel`,`permission_to_create`,`permission_to_delete`,`permission_to_print`,`permission_to_update`,`permission_to_draft`,`status_id`) values (27,NULL,NULL,NULL,NULL,'N',1,1,1,1,1,1,0,26);
insert  into `fw_status_based_permission`(`id`,`created_by`,`created_date_time`,`updated_by`,`updated_date_time`,`deleted`,`permission_to_approve`,`permission_to_cancel`,`permission_to_create`,`permission_to_delete`,`permission_to_print`,`permission_to_update`,`permission_to_draft`,`status_id`) values (28,NULL,NULL,NULL,NULL,'N',1,1,1,1,1,1,0,27);
insert  into `fw_status_based_permission`(`id`,`created_by`,`created_date_time`,`updated_by`,`updated_date_time`,`deleted`,`permission_to_approve`,`permission_to_cancel`,`permission_to_create`,`permission_to_delete`,`permission_to_print`,`permission_to_update`,`permission_to_draft`,`status_id`) values (29,NULL,NULL,NULL,NULL,'N',1,0,0,0,0,0,0,28);
insert  into `fw_status_based_permission`(`id`,`created_by`,`created_date_time`,`updated_by`,`updated_date_time`,`deleted`,`permission_to_approve`,`permission_to_cancel`,`permission_to_create`,`permission_to_delete`,`permission_to_print`,`permission_to_update`,`permission_to_draft`,`status_id`) values (30,NULL,NULL,NULL,NULL,'N',1,0,0,0,1,0,0,29);
insert  into `fw_status_based_permission`(`id`,`created_by`,`created_date_time`,`updated_by`,`updated_date_time`,`deleted`,`permission_to_approve`,`permission_to_cancel`,`permission_to_create`,`permission_to_delete`,`permission_to_print`,`permission_to_update`,`permission_to_draft`,`status_id`) values (31,NULL,NULL,NULL,NULL,'N',1,0,0,0,1,0,0,30);
insert  into `fw_status_based_permission`(`id`,`created_by`,`created_date_time`,`updated_by`,`updated_date_time`,`deleted`,`permission_to_approve`,`permission_to_cancel`,`permission_to_create`,`permission_to_delete`,`permission_to_print`,`permission_to_update`,`permission_to_draft`,`status_id`) values (32,NULL,NULL,NULL,NULL,'N',1,0,0,0,0,0,0,31);
insert  into `fw_status_based_permission`(`id`,`created_by`,`created_date_time`,`updated_by`,`updated_date_time`,`deleted`,`permission_to_approve`,`permission_to_cancel`,`permission_to_create`,`permission_to_delete`,`permission_to_print`,`permission_to_update`,`permission_to_draft`,`status_id`) values (33,NULL,NULL,NULL,NULL,'N',1,1,1,1,1,1,0,32);
insert  into `fw_status_based_permission`(`id`,`created_by`,`created_date_time`,`updated_by`,`updated_date_time`,`deleted`,`permission_to_approve`,`permission_to_cancel`,`permission_to_create`,`permission_to_delete`,`permission_to_print`,`permission_to_update`,`permission_to_draft`,`status_id`) values (34,NULL,NULL,NULL,NULL,'N',1,0,0,0,1,0,0,33);
insert  into `fw_status_based_permission`(`id`,`created_by`,`created_date_time`,`updated_by`,`updated_date_time`,`deleted`,`permission_to_approve`,`permission_to_cancel`,`permission_to_create`,`permission_to_delete`,`permission_to_print`,`permission_to_update`,`permission_to_draft`,`status_id`) values (35,NULL,NULL,NULL,NULL,'N',1,0,0,0,1,0,0,34);
insert  into `fw_status_based_permission`(`id`,`created_by`,`created_date_time`,`updated_by`,`updated_date_time`,`deleted`,`permission_to_approve`,`permission_to_cancel`,`permission_to_create`,`permission_to_delete`,`permission_to_print`,`permission_to_update`,`permission_to_draft`,`status_id`) values (36,NULL,NULL,NULL,NULL,'N',1,0,0,0,1,0,0,35);
insert  into `fw_status_based_permission`(`id`,`created_by`,`created_date_time`,`updated_by`,`updated_date_time`,`deleted`,`permission_to_approve`,`permission_to_cancel`,`permission_to_create`,`permission_to_delete`,`permission_to_print`,`permission_to_update`,`permission_to_draft`,`status_id`) values (37,NULL,NULL,NULL,NULL,'N',1,0,0,0,1,0,0,36);
insert  into `fw_status_based_permission`(`id`,`created_by`,`created_date_time`,`updated_by`,`updated_date_time`,`deleted`,`permission_to_approve`,`permission_to_cancel`,`permission_to_create`,`permission_to_delete`,`permission_to_print`,`permission_to_update`,`permission_to_draft`,`status_id`) values (38,NULL,NULL,NULL,NULL,'N',1,0,0,0,0,0,0,37);
insert  into `fw_status_based_permission`(`id`,`created_by`,`created_date_time`,`updated_by`,`updated_date_time`,`deleted`,`permission_to_approve`,`permission_to_cancel`,`permission_to_create`,`permission_to_delete`,`permission_to_print`,`permission_to_update`,`permission_to_draft`,`status_id`) values (39,NULL,NULL,NULL,NULL,'N',1,1,1,1,1,1,0,38);
insert  into `fw_status_based_permission`(`id`,`created_by`,`created_date_time`,`updated_by`,`updated_date_time`,`deleted`,`permission_to_approve`,`permission_to_cancel`,`permission_to_create`,`permission_to_delete`,`permission_to_print`,`permission_to_update`,`permission_to_draft`,`status_id`) values (40,NULL,NULL,NULL,NULL,'N',1,1,1,1,1,1,0,39);
insert  into `fw_status_based_permission`(`id`,`created_by`,`created_date_time`,`updated_by`,`updated_date_time`,`deleted`,`permission_to_approve`,`permission_to_cancel`,`permission_to_create`,`permission_to_delete`,`permission_to_print`,`permission_to_update`,`permission_to_draft`,`status_id`) values (41,NULL,NULL,NULL,NULL,'N',1,1,1,1,1,1,0,40);
insert  into `fw_status_based_permission`(`id`,`created_by`,`created_date_time`,`updated_by`,`updated_date_time`,`deleted`,`permission_to_approve`,`permission_to_cancel`,`permission_to_create`,`permission_to_delete`,`permission_to_print`,`permission_to_update`,`permission_to_draft`,`status_id`) values (42,NULL,NULL,NULL,NULL,'N',1,0,0,0,1,0,0,41);
insert  into `fw_status_based_permission`(`id`,`created_by`,`created_date_time`,`updated_by`,`updated_date_time`,`deleted`,`permission_to_approve`,`permission_to_cancel`,`permission_to_create`,`permission_to_delete`,`permission_to_print`,`permission_to_update`,`permission_to_draft`,`status_id`) values (43,NULL,NULL,NULL,NULL,'N',1,0,0,0,1,0,0,42);
insert  into `fw_status_based_permission`(`id`,`created_by`,`created_date_time`,`updated_by`,`updated_date_time`,`deleted`,`permission_to_approve`,`permission_to_cancel`,`permission_to_create`,`permission_to_delete`,`permission_to_print`,`permission_to_update`,`permission_to_draft`,`status_id`) values (44,NULL,NULL,NULL,NULL,'N',1,0,0,0,1,0,0,43);
insert  into `fw_status_based_permission`(`id`,`created_by`,`created_date_time`,`updated_by`,`updated_date_time`,`deleted`,`permission_to_approve`,`permission_to_cancel`,`permission_to_create`,`permission_to_delete`,`permission_to_print`,`permission_to_update`,`permission_to_draft`,`status_id`) values (45,NULL,NULL,NULL,NULL,'N',1,1,1,1,1,1,0,44);
insert  into `fw_status_based_permission`(`id`,`created_by`,`created_date_time`,`updated_by`,`updated_date_time`,`deleted`,`permission_to_approve`,`permission_to_cancel`,`permission_to_create`,`permission_to_delete`,`permission_to_print`,`permission_to_update`,`permission_to_draft`,`status_id`) values (46,NULL,NULL,NULL,NULL,'N',1,1,1,1,1,1,0,45);
insert  into `fw_status_based_permission`(`id`,`created_by`,`created_date_time`,`updated_by`,`updated_date_time`,`deleted`,`permission_to_approve`,`permission_to_cancel`,`permission_to_create`,`permission_to_delete`,`permission_to_print`,`permission_to_update`,`permission_to_draft`,`status_id`) values (47,NULL,NULL,NULL,NULL,'N',1,0,0,0,1,0,0,46);
insert  into `fw_status_based_permission`(`id`,`created_by`,`created_date_time`,`updated_by`,`updated_date_time`,`deleted`,`permission_to_approve`,`permission_to_cancel`,`permission_to_create`,`permission_to_delete`,`permission_to_print`,`permission_to_update`,`permission_to_draft`,`status_id`) values (48,NULL,NULL,NULL,NULL,'N',1,0,0,0,1,0,0,47);
insert  into `fw_status_based_permission`(`id`,`created_by`,`created_date_time`,`updated_by`,`updated_date_time`,`deleted`,`permission_to_approve`,`permission_to_cancel`,`permission_to_create`,`permission_to_delete`,`permission_to_print`,`permission_to_update`,`permission_to_draft`,`status_id`) values (49,NULL,NULL,NULL,NULL,'N',1,0,0,0,1,0,0,48);
insert  into `fw_status_based_permission`(`id`,`created_by`,`created_date_time`,`updated_by`,`updated_date_time`,`deleted`,`permission_to_approve`,`permission_to_cancel`,`permission_to_create`,`permission_to_delete`,`permission_to_print`,`permission_to_update`,`permission_to_draft`,`status_id`) values (50,NULL,NULL,NULL,NULL,'N',1,0,0,0,1,0,0,49);
insert  into `fw_status_based_permission`(`id`,`created_by`,`created_date_time`,`updated_by`,`updated_date_time`,`deleted`,`permission_to_approve`,`permission_to_cancel`,`permission_to_create`,`permission_to_delete`,`permission_to_print`,`permission_to_update`,`permission_to_draft`,`status_id`) values (51,NULL,NULL,NULL,NULL,'N',1,1,1,1,1,1,0,50);
insert  into `fw_status_based_permission`(`id`,`created_by`,`created_date_time`,`updated_by`,`updated_date_time`,`deleted`,`permission_to_approve`,`permission_to_cancel`,`permission_to_create`,`permission_to_delete`,`permission_to_print`,`permission_to_update`,`permission_to_draft`,`status_id`) values (52,NULL,NULL,NULL,NULL,'N',1,1,1,1,1,1,0,51);
insert  into `fw_status_based_permission`(`id`,`created_by`,`created_date_time`,`updated_by`,`updated_date_time`,`deleted`,`permission_to_approve`,`permission_to_cancel`,`permission_to_create`,`permission_to_delete`,`permission_to_print`,`permission_to_update`,`permission_to_draft`,`status_id`) values (53,NULL,NULL,NULL,NULL,'N',1,0,0,0,1,0,0,52);
insert  into `fw_status_based_permission`(`id`,`created_by`,`created_date_time`,`updated_by`,`updated_date_time`,`deleted`,`permission_to_approve`,`permission_to_cancel`,`permission_to_create`,`permission_to_delete`,`permission_to_print`,`permission_to_update`,`permission_to_draft`,`status_id`) values (54,NULL,NULL,NULL,NULL,'N',1,1,1,1,1,1,0,53);
insert  into `fw_status_based_permission`(`id`,`created_by`,`created_date_time`,`updated_by`,`updated_date_time`,`deleted`,`permission_to_approve`,`permission_to_cancel`,`permission_to_create`,`permission_to_delete`,`permission_to_print`,`permission_to_update`,`permission_to_draft`,`status_id`) values (55,NULL,NULL,NULL,NULL,'N',0,0,0,0,1,0,0,54);
insert  into `fw_status_based_permission`(`id`,`created_by`,`created_date_time`,`updated_by`,`updated_date_time`,`deleted`,`permission_to_approve`,`permission_to_cancel`,`permission_to_create`,`permission_to_delete`,`permission_to_print`,`permission_to_update`,`permission_to_draft`,`status_id`) values (56,NULL,NULL,NULL,NULL,'N',1,1,1,1,1,1,0,55);
insert  into `fw_status_based_permission`(`id`,`created_by`,`created_date_time`,`updated_by`,`updated_date_time`,`deleted`,`permission_to_approve`,`permission_to_cancel`,`permission_to_create`,`permission_to_delete`,`permission_to_print`,`permission_to_update`,`permission_to_draft`,`status_id`) values (57,NULL,NULL,NULL,NULL,'N',1,1,1,1,1,1,0,56);
insert  into `fw_status_based_permission`(`id`,`created_by`,`created_date_time`,`updated_by`,`updated_date_time`,`deleted`,`permission_to_approve`,`permission_to_cancel`,`permission_to_create`,`permission_to_delete`,`permission_to_print`,`permission_to_update`,`permission_to_draft`,`status_id`) values (58,NULL,NULL,NULL,NULL,'N',1,1,1,1,1,1,0,57);
insert  into `fw_status_based_permission`(`id`,`created_by`,`created_date_time`,`updated_by`,`updated_date_time`,`deleted`,`permission_to_approve`,`permission_to_cancel`,`permission_to_create`,`permission_to_delete`,`permission_to_print`,`permission_to_update`,`permission_to_draft`,`status_id`) values (59,NULL,NULL,NULL,NULL,'N',1,1,1,1,1,1,0,58);
insert  into `fw_status_based_permission`(`id`,`created_by`,`created_date_time`,`updated_by`,`updated_date_time`,`deleted`,`permission_to_approve`,`permission_to_cancel`,`permission_to_create`,`permission_to_delete`,`permission_to_print`,`permission_to_update`,`permission_to_draft`,`status_id`) values (60,NULL,NULL,NULL,NULL,'N',1,1,1,1,1,1,0,59);
insert  into `fw_status_based_permission`(`id`,`created_by`,`created_date_time`,`updated_by`,`updated_date_time`,`deleted`,`permission_to_approve`,`permission_to_cancel`,`permission_to_create`,`permission_to_delete`,`permission_to_print`,`permission_to_update`,`permission_to_draft`,`status_id`) values (61,NULL,NULL,NULL,NULL,'N',1,0,0,0,1,0,0,60);
insert  into `fw_status_based_permission`(`id`,`created_by`,`created_date_time`,`updated_by`,`updated_date_time`,`deleted`,`permission_to_approve`,`permission_to_cancel`,`permission_to_create`,`permission_to_delete`,`permission_to_print`,`permission_to_update`,`permission_to_draft`,`status_id`) values (62,NULL,NULL,NULL,NULL,'N',1,1,1,1,1,1,0,61);
insert  into `fw_status_based_permission`(`id`,`created_by`,`created_date_time`,`updated_by`,`updated_date_time`,`deleted`,`permission_to_approve`,`permission_to_cancel`,`permission_to_create`,`permission_to_delete`,`permission_to_print`,`permission_to_update`,`permission_to_draft`,`status_id`) values (63,NULL,NULL,NULL,NULL,'N',1,1,1,1,1,1,0,62);
insert  into `fw_status_based_permission`(`id`,`created_by`,`created_date_time`,`updated_by`,`updated_date_time`,`deleted`,`permission_to_approve`,`permission_to_cancel`,`permission_to_create`,`permission_to_delete`,`permission_to_print`,`permission_to_update`,`permission_to_draft`,`status_id`) values (64,NULL,NULL,NULL,NULL,'N',1,0,0,0,1,0,0,63);
insert  into `fw_status_based_permission`(`id`,`created_by`,`created_date_time`,`updated_by`,`updated_date_time`,`deleted`,`permission_to_approve`,`permission_to_cancel`,`permission_to_create`,`permission_to_delete`,`permission_to_print`,`permission_to_update`,`permission_to_draft`,`status_id`) values (65,NULL,NULL,NULL,NULL,'N',1,0,0,0,1,0,0,64);
insert  into `fw_status_based_permission`(`id`,`created_by`,`created_date_time`,`updated_by`,`updated_date_time`,`deleted`,`permission_to_approve`,`permission_to_cancel`,`permission_to_create`,`permission_to_delete`,`permission_to_print`,`permission_to_update`,`permission_to_draft`,`status_id`) values (66,NULL,NULL,NULL,NULL,'N',1,0,0,0,1,0,0,65);
insert  into `fw_status_based_permission`(`id`,`created_by`,`created_date_time`,`updated_by`,`updated_date_time`,`deleted`,`permission_to_approve`,`permission_to_cancel`,`permission_to_create`,`permission_to_delete`,`permission_to_print`,`permission_to_update`,`permission_to_draft`,`status_id`) values (67,NULL,NULL,NULL,NULL,'N',1,0,0,0,1,0,0,66);
insert  into `fw_status_based_permission`(`id`,`created_by`,`created_date_time`,`updated_by`,`updated_date_time`,`deleted`,`permission_to_approve`,`permission_to_cancel`,`permission_to_create`,`permission_to_delete`,`permission_to_print`,`permission_to_update`,`permission_to_draft`,`status_id`) values (68,NULL,NULL,NULL,NULL,'N',1,0,0,0,0,0,0,67);
insert  into `fw_status_based_permission`(`id`,`created_by`,`created_date_time`,`updated_by`,`updated_date_time`,`deleted`,`permission_to_approve`,`permission_to_cancel`,`permission_to_create`,`permission_to_delete`,`permission_to_print`,`permission_to_update`,`permission_to_draft`,`status_id`) values (69,NULL,NULL,NULL,NULL,'N',1,1,1,1,1,1,0,68);
insert  into `fw_status_based_permission`(`id`,`created_by`,`created_date_time`,`updated_by`,`updated_date_time`,`deleted`,`permission_to_approve`,`permission_to_cancel`,`permission_to_create`,`permission_to_delete`,`permission_to_print`,`permission_to_update`,`permission_to_draft`,`status_id`) values (70,NULL,NULL,NULL,NULL,'N',1,1,1,1,1,1,0,69);
insert  into `fw_status_based_permission`(`id`,`created_by`,`created_date_time`,`updated_by`,`updated_date_time`,`deleted`,`permission_to_approve`,`permission_to_cancel`,`permission_to_create`,`permission_to_delete`,`permission_to_print`,`permission_to_update`,`permission_to_draft`,`status_id`) values (71,NULL,NULL,NULL,NULL,'N',1,0,0,0,0,0,0,70);
insert  into `fw_status_based_permission`(`id`,`created_by`,`created_date_time`,`updated_by`,`updated_date_time`,`deleted`,`permission_to_approve`,`permission_to_cancel`,`permission_to_create`,`permission_to_delete`,`permission_to_print`,`permission_to_update`,`permission_to_draft`,`status_id`) values (72,NULL,NULL,NULL,NULL,'N',1,0,0,0,1,0,0,71);
insert  into `fw_status_based_permission`(`id`,`created_by`,`created_date_time`,`updated_by`,`updated_date_time`,`deleted`,`permission_to_approve`,`permission_to_cancel`,`permission_to_create`,`permission_to_delete`,`permission_to_print`,`permission_to_update`,`permission_to_draft`,`status_id`) values (73,NULL,NULL,NULL,NULL,'N',1,0,0,0,1,0,0,72);
insert  into `fw_status_based_permission`(`id`,`created_by`,`created_date_time`,`updated_by`,`updated_date_time`,`deleted`,`permission_to_approve`,`permission_to_cancel`,`permission_to_create`,`permission_to_delete`,`permission_to_print`,`permission_to_update`,`permission_to_draft`,`status_id`) values (74,NULL,NULL,NULL,NULL,'N',1,0,0,0,1,0,0,73);
insert  into `fw_status_based_permission`(`id`,`created_by`,`created_date_time`,`updated_by`,`updated_date_time`,`deleted`,`permission_to_approve`,`permission_to_cancel`,`permission_to_create`,`permission_to_delete`,`permission_to_print`,`permission_to_update`,`permission_to_draft`,`status_id`) values (75,NULL,NULL,NULL,NULL,'N',1,1,1,1,1,1,0,74);
insert  into `fw_status_based_permission`(`id`,`created_by`,`created_date_time`,`updated_by`,`updated_date_time`,`deleted`,`permission_to_approve`,`permission_to_cancel`,`permission_to_create`,`permission_to_delete`,`permission_to_print`,`permission_to_update`,`permission_to_draft`,`status_id`) values (76,NULL,NULL,NULL,NULL,'N',1,0,0,0,1,0,0,75);
insert  into `fw_status_based_permission`(`id`,`created_by`,`created_date_time`,`updated_by`,`updated_date_time`,`deleted`,`permission_to_approve`,`permission_to_cancel`,`permission_to_create`,`permission_to_delete`,`permission_to_print`,`permission_to_update`,`permission_to_draft`,`status_id`) values (77,NULL,NULL,NULL,NULL,'N',1,0,1,1,0,1,1,76);
insert  into `fw_status_based_permission`(`id`,`created_by`,`created_date_time`,`updated_by`,`updated_date_time`,`deleted`,`permission_to_approve`,`permission_to_cancel`,`permission_to_create`,`permission_to_delete`,`permission_to_print`,`permission_to_update`,`permission_to_draft`,`status_id`) values (78,NULL,NULL,NULL,NULL,'N',1,0,1,1,0,1,1,77);
insert  into `fw_status_based_permission`(`id`,`created_by`,`created_date_time`,`updated_by`,`updated_date_time`,`deleted`,`permission_to_approve`,`permission_to_cancel`,`permission_to_create`,`permission_to_delete`,`permission_to_print`,`permission_to_update`,`permission_to_draft`,`status_id`) values (79,NULL,NULL,NULL,NULL,'N',1,0,1,0,1,0,0,78);
insert  into `fw_status_based_permission`(`id`,`created_by`,`created_date_time`,`updated_by`,`updated_date_time`,`deleted`,`permission_to_approve`,`permission_to_cancel`,`permission_to_create`,`permission_to_delete`,`permission_to_print`,`permission_to_update`,`permission_to_draft`,`status_id`) values (80,NULL,NULL,NULL,NULL,'N',1,0,1,0,1,0,0,79);
insert  into `fw_status_based_permission`(`id`,`created_by`,`created_date_time`,`updated_by`,`updated_date_time`,`deleted`,`permission_to_approve`,`permission_to_cancel`,`permission_to_create`,`permission_to_delete`,`permission_to_print`,`permission_to_update`,`permission_to_draft`,`status_id`) values (81,NULL,NULL,NULL,NULL,'N',1,0,0,0,1,0,0,80);
insert  into `fw_status_based_permission`(`id`,`created_by`,`created_date_time`,`updated_by`,`updated_date_time`,`deleted`,`permission_to_approve`,`permission_to_cancel`,`permission_to_create`,`permission_to_delete`,`permission_to_print`,`permission_to_update`,`permission_to_draft`,`status_id`) values (82,NULL,NULL,NULL,NULL,'N',1,0,1,0,1,0,0,81);
insert  into `fw_status_based_permission`(`id`,`created_by`,`created_date_time`,`updated_by`,`updated_date_time`,`deleted`,`permission_to_approve`,`permission_to_cancel`,`permission_to_create`,`permission_to_delete`,`permission_to_print`,`permission_to_update`,`permission_to_draft`,`status_id`) values (83,NULL,NULL,NULL,NULL,'N',1,0,1,1,1,1,0,82);
insert  into `fw_status_based_permission`(`id`,`created_by`,`created_date_time`,`updated_by`,`updated_date_time`,`deleted`,`permission_to_approve`,`permission_to_cancel`,`permission_to_create`,`permission_to_delete`,`permission_to_print`,`permission_to_update`,`permission_to_draft`,`status_id`) values (84,NULL,NULL,NULL,NULL,'N',0,0,0,0,1,0,0,83);
insert  into `fw_status_based_permission`(`id`,`created_by`,`created_date_time`,`updated_by`,`updated_date_time`,`deleted`,`permission_to_approve`,`permission_to_cancel`,`permission_to_create`,`permission_to_delete`,`permission_to_print`,`permission_to_update`,`permission_to_draft`,`status_id`) values (85,NULL,NULL,NULL,NULL,'N',0,0,0,0,1,0,0,84);
insert  into `fw_status_based_permission`(`id`,`created_by`,`created_date_time`,`updated_by`,`updated_date_time`,`deleted`,`permission_to_approve`,`permission_to_cancel`,`permission_to_create`,`permission_to_delete`,`permission_to_print`,`permission_to_update`,`permission_to_draft`,`status_id`) values (86,NULL,NULL,NULL,NULL,'N',0,1,0,1,1,1,0,85);
insert  into `fw_status_based_permission`(`id`,`created_by`,`created_date_time`,`updated_by`,`updated_date_time`,`deleted`,`permission_to_approve`,`permission_to_cancel`,`permission_to_create`,`permission_to_delete`,`permission_to_print`,`permission_to_update`,`permission_to_draft`,`status_id`) values (87,NULL,NULL,NULL,NULL,'N',0,1,0,1,1,1,0,86);
insert  into `fw_status_based_permission`(`id`,`created_by`,`created_date_time`,`updated_by`,`updated_date_time`,`deleted`,`permission_to_approve`,`permission_to_cancel`,`permission_to_create`,`permission_to_delete`,`permission_to_print`,`permission_to_update`,`permission_to_draft`,`status_id`) values (88,NULL,NULL,NULL,NULL,'N',0,0,0,0,1,0,0,87);
insert  into `fw_status_based_permission`(`id`,`created_by`,`created_date_time`,`updated_by`,`updated_date_time`,`deleted`,`permission_to_approve`,`permission_to_cancel`,`permission_to_create`,`permission_to_delete`,`permission_to_print`,`permission_to_update`,`permission_to_draft`,`status_id`) values (89,NULL,NULL,NULL,NULL,'N',0,0,0,0,1,0,0,88);
insert  into `fw_status_based_permission`(`id`,`created_by`,`created_date_time`,`updated_by`,`updated_date_time`,`deleted`,`permission_to_approve`,`permission_to_cancel`,`permission_to_create`,`permission_to_delete`,`permission_to_print`,`permission_to_update`,`permission_to_draft`,`status_id`) values (90,NULL,NULL,NULL,NULL,'N',0,0,0,0,1,0,0,89);
insert  into `fw_status_based_permission`(`id`,`created_by`,`created_date_time`,`updated_by`,`updated_date_time`,`deleted`,`permission_to_approve`,`permission_to_cancel`,`permission_to_create`,`permission_to_delete`,`permission_to_print`,`permission_to_update`,`permission_to_draft`,`status_id`) values (91,NULL,NULL,NULL,NULL,'N',0,0,0,0,1,0,0,90);
insert  into `fw_status_based_permission`(`id`,`created_by`,`created_date_time`,`updated_by`,`updated_date_time`,`deleted`,`permission_to_approve`,`permission_to_cancel`,`permission_to_create`,`permission_to_delete`,`permission_to_print`,`permission_to_update`,`permission_to_draft`,`status_id`) values (92,NULL,NULL,NULL,NULL,'N',0,0,0,0,1,0,0,91);
insert  into `fw_status_based_permission`(`id`,`created_by`,`created_date_time`,`updated_by`,`updated_date_time`,`deleted`,`permission_to_approve`,`permission_to_cancel`,`permission_to_create`,`permission_to_delete`,`permission_to_print`,`permission_to_update`,`permission_to_draft`,`status_id`) values (93,NULL,NULL,NULL,NULL,'N',0,0,0,0,1,0,0,92);
insert  into `fw_status_based_permission`(`id`,`created_by`,`created_date_time`,`updated_by`,`updated_date_time`,`deleted`,`permission_to_approve`,`permission_to_cancel`,`permission_to_create`,`permission_to_delete`,`permission_to_print`,`permission_to_update`,`permission_to_draft`,`status_id`) values (94,NULL,NULL,NULL,NULL,'N',0,1,1,1,1,1,0,93);
insert  into `fw_status_based_permission`(`id`,`created_by`,`created_date_time`,`updated_by`,`updated_date_time`,`deleted`,`permission_to_approve`,`permission_to_cancel`,`permission_to_create`,`permission_to_delete`,`permission_to_print`,`permission_to_update`,`permission_to_draft`,`status_id`) values (95,NULL,NULL,NULL,NULL,'N',0,0,0,0,1,0,0,94);
insert  into `fw_status_based_permission`(`id`,`created_by`,`created_date_time`,`updated_by`,`updated_date_time`,`deleted`,`permission_to_approve`,`permission_to_cancel`,`permission_to_create`,`permission_to_delete`,`permission_to_print`,`permission_to_update`,`permission_to_draft`,`status_id`) values (96,NULL,NULL,NULL,NULL,'N',0,0,0,0,1,0,0,95);
insert  into `fw_status_based_permission`(`id`,`created_by`,`created_date_time`,`updated_by`,`updated_date_time`,`deleted`,`permission_to_approve`,`permission_to_cancel`,`permission_to_create`,`permission_to_delete`,`permission_to_print`,`permission_to_update`,`permission_to_draft`,`status_id`) values (97,NULL,NULL,NULL,NULL,'N',0,1,1,1,1,1,0,96);
insert  into `fw_status_based_permission`(`id`,`created_by`,`created_date_time`,`updated_by`,`updated_date_time`,`deleted`,`permission_to_approve`,`permission_to_cancel`,`permission_to_create`,`permission_to_delete`,`permission_to_print`,`permission_to_update`,`permission_to_draft`,`status_id`) values (98,NULL,NULL,NULL,NULL,'N',0,0,0,0,1,0,0,97);
insert  into `fw_status_based_permission`(`id`,`created_by`,`created_date_time`,`updated_by`,`updated_date_time`,`deleted`,`permission_to_approve`,`permission_to_cancel`,`permission_to_create`,`permission_to_delete`,`permission_to_print`,`permission_to_update`,`permission_to_draft`,`status_id`) values (99,NULL,NULL,NULL,NULL,'N',0,0,0,0,1,0,0,98);
insert  into `fw_status_based_permission`(`id`,`created_by`,`created_date_time`,`updated_by`,`updated_date_time`,`deleted`,`permission_to_approve`,`permission_to_cancel`,`permission_to_create`,`permission_to_delete`,`permission_to_print`,`permission_to_update`,`permission_to_draft`,`status_id`) values (100,NULL,NULL,NULL,NULL,'N',0,0,0,0,1,0,0,99);
insert  into `fw_status_based_permission`(`id`,`created_by`,`created_date_time`,`updated_by`,`updated_date_time`,`deleted`,`permission_to_approve`,`permission_to_cancel`,`permission_to_create`,`permission_to_delete`,`permission_to_print`,`permission_to_update`,`permission_to_draft`,`status_id`) values (101,NULL,NULL,NULL,NULL,'N',0,0,0,0,1,0,0,100);
insert  into `fw_status_based_permission`(`id`,`created_by`,`created_date_time`,`updated_by`,`updated_date_time`,`deleted`,`permission_to_approve`,`permission_to_cancel`,`permission_to_create`,`permission_to_delete`,`permission_to_print`,`permission_to_update`,`permission_to_draft`,`status_id`) values (102,NULL,NULL,NULL,NULL,'N',0,0,0,0,1,0,0,101);
insert  into `fw_status_based_permission`(`id`,`created_by`,`created_date_time`,`updated_by`,`updated_date_time`,`deleted`,`permission_to_approve`,`permission_to_cancel`,`permission_to_create`,`permission_to_delete`,`permission_to_print`,`permission_to_update`,`permission_to_draft`,`status_id`) values (103,NULL,NULL,NULL,NULL,'N',0,0,0,0,1,0,0,102);
insert  into `fw_status_based_permission`(`id`,`created_by`,`created_date_time`,`updated_by`,`updated_date_time`,`deleted`,`permission_to_approve`,`permission_to_cancel`,`permission_to_create`,`permission_to_delete`,`permission_to_print`,`permission_to_update`,`permission_to_draft`,`status_id`) values (104,NULL,NULL,NULL,NULL,'N',0,1,1,1,1,1,0,103);
insert  into `fw_status_based_permission`(`id`,`created_by`,`created_date_time`,`updated_by`,`updated_date_time`,`deleted`,`permission_to_approve`,`permission_to_cancel`,`permission_to_create`,`permission_to_delete`,`permission_to_print`,`permission_to_update`,`permission_to_draft`,`status_id`) values (105,NULL,NULL,NULL,NULL,'N',0,0,0,0,1,0,0,104);
insert  into `fw_status_based_permission`(`id`,`created_by`,`created_date_time`,`updated_by`,`updated_date_time`,`deleted`,`permission_to_approve`,`permission_to_cancel`,`permission_to_create`,`permission_to_delete`,`permission_to_print`,`permission_to_update`,`permission_to_draft`,`status_id`) values (106,NULL,NULL,NULL,NULL,'N',0,0,0,0,1,0,0,105);
insert  into `fw_status_based_permission`(`id`,`created_by`,`created_date_time`,`updated_by`,`updated_date_time`,`deleted`,`permission_to_approve`,`permission_to_cancel`,`permission_to_create`,`permission_to_delete`,`permission_to_print`,`permission_to_update`,`permission_to_draft`,`status_id`) values (107,NULL,NULL,NULL,NULL,'N',0,0,0,0,1,0,0,106);
insert  into `fw_status_based_permission`(`id`,`created_by`,`created_date_time`,`updated_by`,`updated_date_time`,`deleted`,`permission_to_approve`,`permission_to_cancel`,`permission_to_create`,`permission_to_delete`,`permission_to_print`,`permission_to_update`,`permission_to_draft`,`status_id`) values (108,NULL,NULL,NULL,NULL,'N',0,1,1,1,1,1,0,107);
insert  into `fw_status_based_permission`(`id`,`created_by`,`created_date_time`,`updated_by`,`updated_date_time`,`deleted`,`permission_to_approve`,`permission_to_cancel`,`permission_to_create`,`permission_to_delete`,`permission_to_print`,`permission_to_update`,`permission_to_draft`,`status_id`) values (109,NULL,NULL,NULL,NULL,'N',0,1,1,1,1,1,0,108);
insert  into `fw_status_based_permission`(`id`,`created_by`,`created_date_time`,`updated_by`,`updated_date_time`,`deleted`,`permission_to_approve`,`permission_to_cancel`,`permission_to_create`,`permission_to_delete`,`permission_to_print`,`permission_to_update`,`permission_to_draft`,`status_id`) values (110,NULL,NULL,NULL,NULL,'N',0,0,0,0,1,0,0,109);
insert  into `fw_status_based_permission`(`id`,`created_by`,`created_date_time`,`updated_by`,`updated_date_time`,`deleted`,`permission_to_approve`,`permission_to_cancel`,`permission_to_create`,`permission_to_delete`,`permission_to_print`,`permission_to_update`,`permission_to_draft`,`status_id`) values (111,NULL,NULL,NULL,NULL,'N',0,0,0,0,1,0,0,110);
insert  into `fw_status_based_permission`(`id`,`created_by`,`created_date_time`,`updated_by`,`updated_date_time`,`deleted`,`permission_to_approve`,`permission_to_cancel`,`permission_to_create`,`permission_to_delete`,`permission_to_print`,`permission_to_update`,`permission_to_draft`,`status_id`) values (112,NULL,NULL,NULL,NULL,'N',0,0,0,0,1,0,0,119);
insert  into `fw_status_based_permission`(`id`,`created_by`,`created_date_time`,`updated_by`,`updated_date_time`,`deleted`,`permission_to_approve`,`permission_to_cancel`,`permission_to_create`,`permission_to_delete`,`permission_to_print`,`permission_to_update`,`permission_to_draft`,`status_id`) values (113,NULL,NULL,NULL,NULL,'N',0,0,0,0,1,0,0,120);


insert  into `fw_status_based_permission`(`id`,`created_by`,`created_date_time`,`updated_by`,`updated_date_time`,`deleted`,`permission_to_approve`,`permission_to_cancel`,`permission_to_create`,`permission_to_delete`,`permission_to_print`,`permission_to_update`,`permission_to_draft`,`status_id`) values (114,NULL,NULL,NULL,NULL,'N',1,1,1,1,1,1,0,123);
insert  into `fw_status_based_permission`(`id`,`created_by`,`created_date_time`,`updated_by`,`updated_date_time`,`deleted`,`permission_to_approve`,`permission_to_cancel`,`permission_to_create`,`permission_to_delete`,`permission_to_print`,`permission_to_update`,`permission_to_draft`,`status_id`) values (115,NULL,NULL,NULL,NULL,'N',0,0,0,0,1,0,0,124);
insert  into `fw_status_based_permission`(`id`,`created_by`,`created_date_time`,`updated_by`,`updated_date_time`,`deleted`,`permission_to_approve`,`permission_to_cancel`,`permission_to_create`,`permission_to_delete`,`permission_to_print`,`permission_to_update`,`permission_to_draft`,`status_id`) values (116,NULL,NULL,NULL,NULL,'N',1,0,0,1,1,0,0,125);
insert  into `fw_status_based_permission`(`id`,`created_by`,`created_date_time`,`updated_by`,`updated_date_time`,`deleted`,`permission_to_approve`,`permission_to_cancel`,`permission_to_create`,`permission_to_delete`,`permission_to_print`,`permission_to_update`,`permission_to_draft`,`status_id`) values (117,NULL,NULL,NULL,NULL,'N',0,0,0,0,1,0,0,112);
insert  into `fw_status_based_permission`(`id`,`created_by`,`created_date_time`,`updated_by`,`updated_date_time`,`deleted`,`permission_to_approve`,`permission_to_cancel`,`permission_to_create`,`permission_to_delete`,`permission_to_print`,`permission_to_update`,`permission_to_draft`,`status_id`) values (118,NULL,NULL,NULL,NULL,'N',0,0,0,0,1,0,0,113);
insert  into `fw_status_based_permission`(`id`,`created_by`,`created_date_time`,`updated_by`,`updated_date_time`,`deleted`,`permission_to_approve`,`permission_to_cancel`,`permission_to_create`,`permission_to_delete`,`permission_to_print`,`permission_to_update`,`permission_to_draft`,`status_id`) values (119,NULL,NULL,NULL,NULL,'N',0,0,0,0,1,0,0,114);

insert  into `fw_status_based_permission`(`id`,`created_by`,`created_date_time`,`updated_by`,`updated_date_time`,`deleted`,`permission_to_approve`,`permission_to_cancel`,`permission_to_create`,`permission_to_delete`,`permission_to_print`,`permission_to_update`,`permission_to_draft`,`status_id`) values (120,NULL,NULL,NULL,NULL,'N',1,1,1,1,1,1,0,126);
insert  into `fw_status_based_permission`(`id`,`created_by`,`created_date_time`,`updated_by`,`updated_date_time`,`deleted`,`permission_to_approve`,`permission_to_cancel`,`permission_to_create`,`permission_to_delete`,`permission_to_print`,`permission_to_update`,`permission_to_draft`,`status_id`) values (121,NULL,NULL,NULL,NULL,'N',1,1,1,1,1,1,0,127);
insert  into `fw_status_based_permission`(`id`,`created_by`,`created_date_time`,`updated_by`,`updated_date_time`,`deleted`,`permission_to_approve`,`permission_to_cancel`,`permission_to_create`,`permission_to_delete`,`permission_to_print`,`permission_to_update`,`permission_to_draft`,`status_id`) values (122,NULL,NULL,NULL,NULL,'N',1,1,1,1,1,1,0,128);
insert  into `fw_status_based_permission`(`id`,`created_by`,`created_date_time`,`updated_by`,`updated_date_time`,`deleted`,`permission_to_approve`,`permission_to_cancel`,`permission_to_create`,`permission_to_delete`,`permission_to_print`,`permission_to_update`,`permission_to_draft`,`status_id`) values (123,NULL,NULL,NULL,NULL,'N',1,1,1,1,1,1,0,129);
insert  into `fw_status_based_permission`(`id`,`created_by`,`created_date_time`,`updated_by`,`updated_date_time`,`deleted`,`permission_to_approve`,`permission_to_cancel`,`permission_to_create`,`permission_to_delete`,`permission_to_print`,`permission_to_update`,`permission_to_draft`,`status_id`) values (124,NULL,NULL,NULL,NULL,'N',1,1,1,1,1,1,0,130);
insert  into `fw_status_based_permission`(`id`,`created_by`,`created_date_time`,`updated_by`,`updated_date_time`,`deleted`,`permission_to_approve`,`permission_to_cancel`,`permission_to_create`,`permission_to_delete`,`permission_to_print`,`permission_to_update`,`permission_to_draft`,`status_id`) values (125,NULL,NULL,NULL,NULL,'N',1,1,1,1,1,1,0,131);

insert  into `fw_status_based_permission`(`id`,`created_by`,`created_date_time`,`updated_by`,`updated_date_time`,`deleted`,`permission_to_approve`,`permission_to_cancel`,`permission_to_create`,`permission_to_delete`,`permission_to_print`,`permission_to_update`,`permission_to_draft`,`status_id`) values (126,NULL,NULL,NULL,NULL,'N',1,1,1,1,1,1,0,132);
insert  into `fw_status_based_permission`(`id`,`created_by`,`created_date_time`,`updated_by`,`updated_date_time`,`deleted`,`permission_to_approve`,`permission_to_cancel`,`permission_to_create`,`permission_to_delete`,`permission_to_print`,`permission_to_update`,`permission_to_draft`,`status_id`) values (127,NULL,NULL,NULL,NULL,'N',1,1,1,1,1,1,0,133);
insert  into `fw_status_based_permission`(`id`,`created_by`,`created_date_time`,`updated_by`,`updated_date_time`,`deleted`,`permission_to_approve`,`permission_to_cancel`,`permission_to_create`,`permission_to_delete`,`permission_to_print`,`permission_to_update`,`permission_to_draft`,`status_id`) values (128,NULL,NULL,NULL,NULL,'N',1,1,1,1,1,1,0,134);
insert  into `fw_status_based_permission`(`id`,`created_by`,`created_date_time`,`updated_by`,`updated_date_time`,`deleted`,`permission_to_approve`,`permission_to_cancel`,`permission_to_create`,`permission_to_delete`,`permission_to_print`,`permission_to_update`,`permission_to_draft`,`status_id`) values (129,NULL,NULL,NULL,NULL,'N',1,1,1,1,1,1,0,135);
insert  into `fw_status_based_permission`(`id`,`created_by`,`created_date_time`,`updated_by`,`updated_date_time`,`deleted`,`permission_to_approve`,`permission_to_cancel`,`permission_to_create`,`permission_to_delete`,`permission_to_print`,`permission_to_update`,`permission_to_draft`,`status_id`) values (130,NULL,NULL,NULL,NULL,'N',1,1,1,1,1,1,0,136);
insert  into `fw_status_based_permission`(`id`,`created_by`,`created_date_time`,`updated_by`,`updated_date_time`,`deleted`,`permission_to_approve`,`permission_to_cancel`,`permission_to_create`,`permission_to_delete`,`permission_to_print`,`permission_to_update`,`permission_to_draft`,`status_id`) values (131,NULL,NULL,NULL,NULL,'N',1,1,1,1,1,1,0,137);




insert into `ma_user_role`(`user_id`, `role_id`) values (1000, 1);

insert into `ma_user_role`(`user_id`, `role_id`) values (9999, 3);


insert into ma_print_copy (id, deleted, name) values(1, 'N', 'ORIGINAL');
insert into ma_print_copy (id, deleted, name) values(2, 'N', 'DUPLICATE');
insert into ma_print_copy (id, deleted, name) values(3, 'N', 'TRIPLICATE');